analog_name	vector_type	backbone	file_name	file_folder	file_type	sequencing_primer	sequencing_plate	warnings	sequence_dna	sequence_dna_trimmed	sequence_prot	replicates_global	group	chemical_replicates_global	chemical_group	sequence_prot_aligned	 	AA_1	AA_2	AA_3	AA_4	AA_5	AA_6	AA_7	AA_8	AA_9	AA_10	AA_11	AA_12	AA_13	AA_14	AA_15	AA_16	AA_17	AA_18	AA_19	AA_20	AA_21	AA_22	AA_23	AA_24	AA_25	AA_26	AA_27	AA_28	AA_29	AA_30	AA_31	AA_32	AA_33	AA_34	AA_35	AA_36	AA_37	AA_38	AA_39	AA_40	AA_41	AA_42	AA_43	AA_44	AA_45	AA_46	AA_47	AA_48	AA_49	AA_50	AA_51	AA_52	AA_53	AA_54	AA_55	AA_56	AA_57	AA_58	AA_59	AA_60	AA_61	AA_62	AA_63	AA_64	AA_65	AA_66	AA_67	AA_68	AA_69	AA_70	AA_71	AA_72	AA_73	AA_74	AA_75	AA_76	AA_77	AA_78	AA_79	AA_80	AA_81	AA_82	AA_83	AA_84	AA_85	AA_86	AA_87	AA_88	AA_89	AA_90	AA_91	AA_92	AA_93	AA_94	AA_95	AA_96	AA_97	AA_98	AA_99	AA_100	AA_101	AA_102	AA_103	AA_104	AA_105	AA_106	AA_107	AA_108	AA_109	AA_110	AA_111	AA_112	AA_113	AA_114	AA_115	AA_116	AA_117	AA_118	AA_119	AA_120	AA_121	AA_122	AA_123	AA_124	AA_125	AA_126	AA_127	AA_128	AA_129	AA_130	AA_131	AA_132	AA_133	AA_134	AA_135	AA_136	AA_137	AA_138	AA_139	AA_140	AA_141	AA_142	AA_143	AA_144	AA_145	AA_146	AA_147	AA_148	AA_149	AA_150	AA_151	AA_152	AA_153	AA_154	AA_155	AA_156	AA_157	AA_158	AA_159	AA_160	AA_161	AA_162	AA_163	AA_164	AA_165	AA_166	AA_167	AA_168	AA_169	AA_170	AA_171	AA_172	AA_173	AA_174	AA_175	AA_176	AA_177	AA_178	AA_179	AA_180	AA_181	AA_182	AA_183	AA_184	AA_185	AA_186	AA_187	AA_188	AA_189	AA_190	AA_191	AA_192	AA_193	AA_194	AA_195	AA_196	AA_197	AA_198	AA_199	AA_200	AA_201	AA_202	AA_203	AA_204	AA_205	AA_206	AA_207	AA_208	AA_209	AA_210	AA_211	AA_212	AA_213	AA_214	AA_215	AA_216	AA_217	AA_218	AA_219	AA_220	AA_221	AA_222	AA_223	AA_224	AA_225	AA_226	AA_227	AA_228	AA_229	AA_230	AA_231	AA_232	AA_233	AA_234	AA_235	AA_236	AA_237	AA_238	AA_239	AA_240	AA_241	AA_242	AA_243	AA_244	AA_245	AA_246	AA_247	AA_248	AA_249	AA_250	AA_251	AA_252	AA_253	AA_254	AA_255	AA_256	AA_257	AA_258	AA_259	AA_260	AA_261	AA_262	AA_263	AA_264	AA_265	AA_266	AA_267	AA_268	AA_269	AA_270	AA_271	AA_272	AA_273	AA_274	AA_275	AA_276	AA_277	AA_278	AA_279	AA_280	AA_281	AA_282	AA_283	AA_284	AA_285	AA_286	AA_287	AA_288	AA_289	AA_290	AA_291	AA_292	AA_293	AA_294	AA_295	AA_296	AA_297	AA_298	AA_299	AA_300	AA_301	AA_302	AA_303	AA_304	AA_305	AA_306	AA_307	AA_308	AA_309	AA_310	AA_311	AA_312	AA_313	AA_314	AA_315	AA_316	AA_317	AA_318	AA_319	AA_320	AA_321	AA_322	AA_323	AA_324	AA_325	AA_326	AA_327	AA_328	AA_329	AA_330	AA_331	AA_332	AA_333	AA_334	AA_335	AA_336	AA_337	AA_338	AA_339	AA_340	AA_341	AA_342	AA_343	AA_344	AA_345	AA_346	AA_347	AA_348	AA_349	AA_350	AA_351	AA_352	AA_353	AA_354	AA_355	AA_356	AA_357	AA_358	AA_359	AA_360
 	NA	XXXXX_frameshift	A11L2_45891_M13r	L2/	fasta	M13r	45891	Protein backbone not matching the reference protein, Phage sequence not found	AGGAGACAGTCATAATGAAATACCTATTGCCTACGGCAGCCGCTGGATTGTTATTACTCGCGGCCCAGCCGGCCATGGCCGCTTCTGGGTTGATGTTGCGGGCAGCTGCAGCTGCGATCGCACCATTAGCAGCGGCACCCAGATTCCGCAGGGCACCCTGGATCATATTCGCAAATATCTGAAAGCGTTTCATCGCTGCCCGTTTTTTATTCGCTTTCAGCTGCAGAGCAAAAGCGTGTGCGGCGGCAGCCAGGATCAGTGGGTGCGCGAACTGGTGGATTGCTTTGAACGCAAAGAATGCGGCACCGGTCATGGCAAAAGCTTTCATCATCAGAAACATCTGCCGGCGGCCGCAGAACAAAAACTCATCTCAGAAGAGGATCTGAATGGGGCCGCATAGACTGTTGAAAGTTGTTTAGCAAAACCTCATACAGAAAATTCATTTACTAACGTCTGGAAAGACGACAAAACTTTAGATCGTTACGCTAACTATGAGGGCTGTCTGTGGAATGCTACAGGCGTTGTGGTTTGTACTGGTGACGAAACTCAGTGTTACGGTACATGGGTTCCTATTGGGCTTGCTATCCCTGAAAATGAGGGTGGTGGCTCTGAGGGTGGCGGTTCTGAGGGTGGCGGTTCTGAGGGTGGCGGTACTAAACCTCCTGAGTACGGTGATACACCTATTCCGGGCTATACTTATATCAACCCTCTCGACGGCACTTATCCGCCTGGTACTGAGCAAAACCCCGCTAATCCTAATCCTTCTCTTGAGGAGTCTCAGCCTCTTAATACTTTCATGTTTCAGAATAATAGGTTCCGAAATAGGCAGGGTGCATTAACTGTTTATACGGGCACTGTTACTCAAGGCACTGACCCCGTTAAAACTTATTACCAGTACACTCCTGTATCATCAAAAGCCATGTATGACGCTTACTGGAACGGTAAATTCAGAGACTGCGCTTTCCATTCTGGCTTTAATGAGGATCCATTCGTTTGTGAATATCAAGGCCAATCGTCTGACCTGCCTCAACCTCCTGTCAATGCTGGCGGCGGCTCTGGTGGTGGTTCTGGTGGCGGCTCTGAGGTGGCGGCTCTGAGGTGGCGGCTCTGAGGGGGCGGTTCTGAGGTGGCGGCTCTGAG	GCTTCTGGGTTGATGTTGCGGGCAGCTGCAGCTGCGATCGCACCATTAGCAGCGGCACCCAGATTCCGCAGGGCACCCTGGATCATATTCGCAAATATCTGAAAGCGTTTCATCGCTGCCCGTTTTTTATTCGCTTTCAGCTGCAGAGCAAAAGCGTGTGCGGCGGCAGCCAGGATCAGTGGGTGCGCGAACTGGTGGATTGCTTTGAACGCAAAGAATGCGGCACCGGTCATGGCAAAAGCTTTCATCATCAGAAACATCTGCCGGCGGCCGCAGAACAAAAACTCATCTCAGAAGAGGATCTGAATGGGGCCGCATAGACTGTTGAAAGTTGTTTAGCAAAACCTCATACAGAAAATTCATTTACTAACGTCTGGAAAGACGACAAAACTTTAGATCGTTACGCTAACTATGAGGGCTGTCTGTGGAATGCTACAGGCGTTGTGGTTTGTACTGGTGACGAAACTCAGTGTTACGGTACATGGGTTCCTATTGGGCTTGCTATCCCTGAAAATGAGGGTGGTGGCTCTGAGGGTGGCGGTTCTGAGGGTGGCGGTTCTGAGGGTGGCGGTACTAAACCTCCTGAGTACGGTGATACACCTATTCCGGGCTATACTTATATCAACCCTCTCGACGGCACTTATCCGCCTGGTACTGAGCAAAACCCCGCTAATCCTAATCCTTCTCTTGAGGAGTCTCAGCCTCTTAATACTTTCATGTTTCAGAATAATAGGTTCCGAAATAGGCAGGGTGCATTAACTGTTTATACGGGCACTGTTACTCAAGGCACTGACCCCGTTAAAACTTATTACCAGTACACTCCTGTATCATCAAAAGCCATGTATGACGCTTACTGGAACGGTAAATTCAGAGACTGCGCTTTCCATTCTGGCTTTAATGAGGATCCATTCGTTTGTGAATATCAAGGCCAATCGTCTGACCTGCCTCAACCTCCTGTCAATGCTGGCGGCGGCTCTGGTGGTGGTTCTGGTGGCGGCTCTGAGGTGGCGGCTCTGAGGTGGCGGCTCTGAGGGGGCGGTTCTGAGGTGGCGGCTCTGAG	ASGLMLRAAAAAIAPLAAAPRFRRAPWIIFANI*	1	4	1	71	------------------------------------------ASGLMLRAAAAAIAPLAAAPRFRRAPWIIFANI*-------------------------------------------------------------------------------------------------------------------------------------------------------------------------------------------------------------------------------------------------------------------------------------------		_	_	_	_	_	_	_	_	_	_	_	_	_	_	_	_	_	_	_	_	_	_	_	_	_	_	_	_	_	_	_	_	_	_	_	_	_	_	_	_	_	_	A	S	G	L	M	L	R	A	A	A	A	A	I	A	P	L	A	A	A	P	R	F	R	R	A	P	W	I	I	F	A	N	I	STOP	_	_	_	_	_	_	_	_	_	_	_	_	_	_	_	_	_	_	_	_	_	_	_	_	_	_	_	_	_	_	_	_	_	_	_	_	_	_	_	_	_	_	_	_	_	_	_	_	_	_	_	_	_	_	_	_	_	_	_	_	_	_	_	_	_	_	_	_	_	_	_	_	_	_	_	_	_	_	_	_	_	_	_	_	_	_	_	_	_	_	_	_	_	_	_	_	_	_	_	_	_	_	_	_	_	_	_	_	_	_	_	_	_	_	_	_	_	_	_	_	_	_	_	_	_	_	_	_	_	_	_	_	_	_	_	_	_	_	_	_	_	_	_	_	_	_	_	_	_	_	_	_	_	_	_	_	_	_	_	_	_	_	_	_	_	_	_	_	_	_	_	_	_	_	_	_	_	_	_	_	_	_	_	_	_	_	_	_	_	_	_	_	_	_	_	_	_	_	_	_	_	_	_	_	_	_	_	_	_	_	_	_	_	_	_	_	_	_	_	_	_	_	_	_	_	_	_	_	_	_	_	_	_	_	_	_	_	_	_	_	_	_	_	_	_	_	_	_	_	_	_	_	_	_	_	_	_	_	_	_	_	_	_	_	_	_	_	_	_	_	_	_	_	_	_	_	_	_	_	_	_	_	_	-
 	NA	XXXXX	C01L1_45891_M13r	L1/	fasta	M13r	45891	Insert promoter not found in the sequence, Uneven number of cysteins	ATTTCAGGAGACAGTCATAATGAAATACCTATTGCCTACGGCAGCCGCTGGATTGTTATTACTCGCGGCCCAGCCGGCATGGCCGTTTGTATGTTTCCGCATGGCAGCTGCAGCTGCGATCGCACCATTAGCAGCGGCACCCAGATTCCGCAGGGCACCCTGGATCATATTCGCAAATATCTGAAAGCGTTTCATCGCTGCCCGTTTTTTATTCGCTTTCAGCTGCAGAGCAAAAGCGTGTGCGGCGGCAGCCAGGATCAGTGGGTGCGCGAACTGGTGGATTGCTTTGAACGCAAAGAATGCGGCACCGGTCATGGCAAAAGCTTTCATCATCAGAAACATCTGCCGGCGGCCGCAGAACAAAAACTCATCTCAGAAGAGGATCTGAATGGGGCCGCATAGACTGTTGAAAGTTGTTTAGCAAAACCTCATACAGAAAATTCATTTACTAACGTCTGGAAAGACGACAAAACTTTAGATCGTTACGCTAACTATGAGGGCTGTCTGTGGAATGCTACAGGCGTTGTGGTTTGTACTGGTGACGAAACTCAGTGTTACGGTACATGGGTTCCTATTGGGCTTGCTATCCCTGAAAATGAGGGTGGTGGCTCTGAGGGTGGCGGTTCTGAGGGTGGCGGTTCTGAGGGTGGCGGTACTAAACCTCCTGAGTACGGTGATACACCTATTCCGGGCTATACTTATATCAACCCTCTCGACGGCACTTATCCGCCTGGTACTGAGCAAAACCCCGCTAATCCTAATCCTTCTCTTGAGGAGTCTCAGCCTCTTAATACTTTCATGTTTCAGAATAATAGGTTCCGAAATAGGCAGGGTGCATTAACTGTTTATACGGGCACTGTTACTCAAGGCACTGACCCCGTTAAAACTTATTACCAGTACACTCCTGTATCATCAAAAGCCATGTATGACGCTTACTGGAACGGTAAATTCAGAGACTGCGCTTTCCATTCTGGCTTTAATGAGGATCCATTCGTTTGTGAATATCAAGGCCAATCGTCTGACCTGCCTCAACCTCCTGTCAATGCTGGCGGCGGCTCTGGTGGTG	ATTTCAGGAGACAGTCATAATGAAATACCTATTGCCTACGGCAGCCGCTGGATTGTTATTACTCGCGGCCCAGCCGGCATGGCCGTTTGTATGTTTCCGCATGGCAGCTGCAGCTGCGATCGCACCATTAGCAGCGGCACCCAGATTCCGCAGGGCACCCTGGATCATATTCGCAAATATCTGAAAGCGTTTCATCGCTGCCCGTTTTTTATTCGCTTTCAGCTGCAGAGCAAAAGCGTGTGCGGCGGCAGCCAGGATCAGTGGGTGCGCGAACTGGTGGATTGCTTTGAACGCAAAGAATGCGGCACCGGTCATGGCAAAAGCTTTCATCATCAGAAACATCTGCCGGCGGCCGCAGAACAAAAACTCATCTCAGAAGAGGATCTGAATGGGGCCGCATAGACTGTTGAAAGTTGTTTAGCAAAACCTCATACAGAAAATTCATTTACTAACGTCTGGAAAGACGACAAAACTTTAGATCGTTACGCTAACTATGAGGGCTGTCTGTGGAATGCTACAGGCGTTGTGGTTTGTACTGGTGACGAAACTCAGTGTTACGGTACATGGGTTCCTATTGGGCTTGCTATCCCTGAAAATGAGGGTGGTGGCTCTGAGGGTGGCGGTTCTGAGGGTGGCGGTTCTGAGGGTGGCGGTACTAAACCTCCTGAGTACGGTGATACACCTATTCCGGGCTATACTTATATCAACCCTCTCGACGGCACTTATCCGCCTGGTACTGAGCAAAACCCCGCTAATCCTAATCCTTCTCTTGAGGAGTCTCAGCCTCTTAATACTTTCATGTTTCAGAATAATAGGTTCCGAAATAGGCAGGGTGCATTAACTGTTTATACGGGCACTGTTACTCAAGGCACTGACCCCGTTAAAACTTATTACCAGTACACTCCTGTATCATCAAAAGCCATGTATGACGCTTACTGGAACGGTAAATTCAGAGACTGCGCTTTCCATTCTGGCTTTAATGAGGATCCATTCGTTTGTGAATATCAAGGCCAATCGTCTGACCTGCCTCAACCTCCTGTCAATGCTGGCGGCGGCTCTGGTGGTG	ISGDSHNEIPIAYGSRWIVITRGPAGMAVCMFPHGSCSCDRTISSGTQIPQGTLDHIRKYLKAFHRCPFFIRFQLQSKSVCGGSQDQWVRELVDCFERKECGTGHGKSFHHQKHLP	1	22	1	50	ISGDSHNEIPIAYGSRWIVITRGPAGMAVCMFPHGSCSCDRTISSGTQIPQGTLDHIRKYLKAFHRCPFFIRFQLQSKSVCGGSQDQWVRELVDCFERKECGTGHGKSFHHQKHLP---------------------------------------------------------------------------------------------------------------------------------------------------------------------------------------------------------------------------------------------------		I	S	G	D	S	H	N	E	I	P	I	A	Y	G	S	R	W	I	V	I	T	R	G	P	A	G	M	A	V	C	M	F	P	H	G	S	C	S	C	D	R	T	I	S	S	G	T	Q	I	P	Q	G	T	L	D	H	I	R	K	Y	L	K	A	F	H	R	C	P	F	F	I	R	F	Q	L	Q	S	K	S	V	C	G	G	S	Q	D	Q	W	V	R	E	L	V	D	C	F	E	R	K	E	C	G	T	G	H	G	K	S	F	H	H	Q	K	H	L	P	_	_	_	_	_	_	_	_	_	_	_	_	_	_	_	_	_	_	_	_	_	_	_	_	_	_	_	_	_	_	_	_	_	_	_	_	_	_	_	_	_	_	_	_	_	_	_	_	_	_	_	_	_	_	_	_	_	_	_	_	_	_	_	_	_	_	_	_	_	_	_	_	_	_	_	_	_	_	_	_	_	_	_	_	_	_	_	_	_	_	_	_	_	_	_	_	_	_	_	_	_	_	_	_	_	_	_	_	_	_	_	_	_	_	_	_	_	_	_	_	_	_	_	_	_	_	_	_	_	_	_	_	_	_	_	_	_	_	_	_	_	_	_	_	_	_	_	_	_	_	_	_	_	_	_	_	_	_	_	_	_	_	_	_	_	_	_	_	_	_	_	_	_	_	_	_	_	_	_	_	_	_	_	_	_	_	_	_	_	_	_	_	_	_	_	_	_	_	_	_	_	_	_	_	_	_	_	_	_	_	_	_	_	_	_	_	_	_	_	_	_	_	_	_	_	_	_	_	_	_	_	_	_	_	_	_	_	_	_	_	_	_	_	-
 	NA	NA	C07L2_45891_M13r	L2/	fasta	M13r	45891	Insert promoter not found in the sequence, Protein backbone not matching the reference protein, Phage sequence not found	AGGAGACAGTCATAATGAAATACCTATTGCCTACGGCAGCCGCTGGATTGTTATTACTCGCGGCCCAGCCGGCCATGGCTCTGCGTGGGCTTGCGGGCAGCTGCAGCTGCGATCGCACCATTAGCAGCGGCACCCAGATTCCGCAGGGCACCCTGGATCATATTCGCAAATATCTGAAAGCGTTTCATCGCTGCCCGTTTTTTATTCGCTTTCAGCTGCAGAGCAAAAGCGTGTGCGGCGGCAGCCAGGATCAGTGGGTGCGCGAACTGGTGGATTGCTTTGAACGCAAAGAATGCGGCACCGGTCATGGCAAAAGCTTTCATCATCAGAAACATCTGCCGGCGGCCGCAGAACAAAAACTCATCTCAGAAGAGGATCTGAATGGGGCCGCATAGACTGTTGAAAGTTGTTTAGCAAAACCTCATACAGAAAATTCATTTACTAACGTCTGGAAAGACGACAAAACTTTAGATCGTTACGCTAACTATGAGGGCTGTCTGTGGAATGCTACAGGCGTTGTGGTTTGTACTGGTGACGAAACTCAGTGTTACGGTACATGGGTTCCTATTGGGCTTGCTATCCCTGAAAATGAGGGTGGTGGCTCTGAGGGTGGCGGTTCTGAGGGTGGCGGTTCTGAGGGTGGCGGTACTAAACCTCCTGAGTACGGTGATACACCTATTCCGGGCTATACTTATATCAACCCTCTCGACGGCACTTATCCGCCTGGTACTGAGCAAAACCCCGCTAATCCTAATCCTTCTCTTGAGGAGTCTCAGCCTCTTAATACTTTCATGTTTCAGAATAATAGGTTCCGAAATAGGCAGGGTGCATTAACTGTTTATACGGGCACTGTTACTCAAGGCACTGACCCCGTTAAAACTTATTACCAGTACACTCCTGTATCATCAAAAGCCATGTATGACGCTTACTGGAACGGTAAATTCAGAGACTGCGCTTTCCATTCTGGCTTTAATGAGGATCCATTCGTTTGTGAATATCAAGGCCAATCGTCTGACCTGCCTCAACCTCCTGTCAATGCTGGCGGCGGCTCTGGTGGTGGTTCTGGTGGCGGCTCTGAGGGTGGCGGCTCTGAGGGGGCGGCTCTGAGGTGGCGGTTCTGAGGTGGCGG	AGGAGACAGTCATAATGAAATACCTATTGCCTACGGCAGCCGCTGGATTGTTATTACTCGCGGCCCAGCCGGCCATGGCTCTGCGTGGGCTTGCGGGCAGCTGCAGCTGCGATCGCACCATTAGCAGCGGCACCCAGATTCCGCAGGGCACCCTGGATCATATTCGCAAATATCTGAAAGCGTTTCATCGCTGCCCGTTTTTTATTCGCTTTCAGCTGCAGAGCAAAAGCGTGTGCGGCGGCAGCCAGGATCAGTGGGTGCGCGAACTGGTGGATTGCTTTGAACGCAAAGAATGCGGCACCGGTCATGGCAAAAGCTTTCATCATCAGAAACATCTGCCGGCGGCCGCAGAACAAAAACTCATCTCAGAAGAGGATCTGAATGGGGCCGCATAGACTGTTGAAAGTTGTTTAGCAAAACCTCATACAGAAAATTCATTTACTAACGTCTGGAAAGACGACAAAACTTTAGATCGTTACGCTAACTATGAGGGCTGTCTGTGGAATGCTACAGGCGTTGTGGTTTGTACTGGTGACGAAACTCAGTGTTACGGTACATGGGTTCCTATTGGGCTTGCTATCCCTGAAAATGAGGGTGGTGGCTCTGAGGGTGGCGGTTCTGAGGGTGGCGGTTCTGAGGGTGGCGGTACTAAACCTCCTGAGTACGGTGATACACCTATTCCGGGCTATACTTATATCAACCCTCTCGACGGCACTTATCCGCCTGGTACTGAGCAAAACCCCGCTAATCCTAATCCTTCTCTTGAGGAGTCTCAGCCTCTTAATACTTTCATGTTTCAGAATAATAGGTTCCGAAATAGGCAGGGTGCATTAACTGTTTATACGGGCACTGTTACTCAAGGCACTGACCCCGTTAAAACTTATTACCAGTACACTCCTGTATCATCAAAAGCCATGTATGACGCTTACTGGAACGGTAAATTCAGAGACTGCGCTTTCCATTCTGGCTTTAATGAGGATCCATTCGTTTGTGAATATCAAGGCCAATCGTCTGACCTGCCTCAACCTCCTGTCAATGCTGGCGGCGGCTCTGGTGGTGGTTCTGGTGGCGGCTCTGAGGGTGGCGGCTCTGAGGGGGCGGCTCTGAGGTGGCGGTTCTGAGGTGGCGG	RRQS*	1	54	1	1	--------------------------------------------------------------------------------------------------------------RRQS*----------------------------------------------------------------------------------------------------------------------------------------------------------------------------------------------------------------------------------------------------		_	_	_	_	_	_	_	_	_	_	_	_	_	_	_	_	_	_	_	_	_	_	_	_	_	_	_	_	_	_	_	_	_	_	_	_	_	_	_	_	_	_	_	_	_	_	_	_	_	_	_	_	_	_	_	_	_	_	_	_	_	_	_	_	_	_	_	_	_	_	_	_	_	_	_	_	_	_	_	_	_	_	_	_	_	_	_	_	_	_	_	_	_	_	_	_	_	_	_	_	_	_	_	_	_	_	_	_	_	_	R	R	Q	S	STOP	_	_	_	_	_	_	_	_	_	_	_	_	_	_	_	_	_	_	_	_	_	_	_	_	_	_	_	_	_	_	_	_	_	_	_	_	_	_	_	_	_	_	_	_	_	_	_	_	_	_	_	_	_	_	_	_	_	_	_	_	_	_	_	_	_	_	_	_	_	_	_	_	_	_	_	_	_	_	_	_	_	_	_	_	_	_	_	_	_	_	_	_	_	_	_	_	_	_	_	_	_	_	_	_	_	_	_	_	_	_	_	_	_	_	_	_	_	_	_	_	_	_	_	_	_	_	_	_	_	_	_	_	_	_	_	_	_	_	_	_	_	_	_	_	_	_	_	_	_	_	_	_	_	_	_	_	_	_	_	_	_	_	_	_	_	_	_	_	_	_	_	_	_	_	_	_	_	_	_	_	_	_	_	_	_	_	_	_	_	_	_	_	_	_	_	_	_	_	_	_	_	_	_	_	_	_	_	_	_	_	_	_	_	_	_	_	_	_	_	_	_	_	_	_	_	_	_	_	_	_	_	_	_	_	_	_	_	_	_	_	_	_	_	_	-
 	NA	XXXXX_frameshift	D02L1_45891_M13r	L1/	fasta	M13r	45891	Protein backbone not matching the reference protein, Phage sequence not found	TTTCAGGAGACAGTCATAATGAAATACCTATTGCCTACGGCAGCCGCTGGATTGTTATTACTCGCGGCCCAGCCGGCCATGGCCTGGGTATTCCGGGGCAGGGCAGCTGCAGCTGCGATCGCACCATTAGCAGCGGCACCCAGATTCCGCAGGGCACCCTGGATCATATTCGCAAATATCTGAAAGCGTTTCATCGCTGCCCGTTTTTTATTCGCTTTCAGCTGCAGAGCAAAAGCGTGTGCGGCGGCAGCCAGGATCAGTGGGTGCGCGAACTGGTGGATTGCTTTGAACGCAAAGAATGCGGCACCGGTCATGGCAAAAGCTTTCATCATCAGAAACATCTGCCGGCGGCCGCAGAACAAAAACTCATCTCAGAAGAGGATCTGAATGGGGCCGCATAGACTGTTGAAAGTTGTTTAGCAAAACCTCATACAGAAAATTCATTTACTAACGTCTGGAAAGACGACAAAACTTTAGATCGTTACGCTAACTATGAGGGCTGTCTGTGGAATGCTACAGGCGTTGTGGTTTGTACTGGTGACGAAACTCAGTGTTACGGTACATGGGTTCCTATTGGGCTTGCTATCCCTGAAAATGAGGGTGGTGGCTCTGAGGGTGGCGGTTCTGAGGGTGGCGGTTCTGAGGGTGGCGGTACTAAACCTCCTGAGTACGGTGATACACCTATTCCGGGCTATACTTATATCAACCCTCTCGACGGCACTTATCCGCCTGGTACTGAGCAAAACCCCGCTAATCCTAATCCTTCTCTTGAGGAGTCTCAGCCTCTTAATACTTTCATGTTTCAGAATAATAGGTTCCGAAATAGGCAGGGTGCATTAACTGTTTATACGGGCACTGTTACTCAAGGCACTGACCCCGTTAAAACTTATTACCAGTACACTCCTGTATCATCAAAAGCCATGTATGACGCTTACTGGAACGGTAAATTCAGAGACTGCGCTTTCCATTCTGGCTTTAATGAGGATCCATTCGTTTGTGAATATCAAGGCCAATCGTCTGACCTGCCTCAACCTCCTGTCAATGCTGGCGGCGGCTCTGGTGGTGGTTCTGGTGGCGGCTCTGAGGGTGGCGGCTCTGAGGGGGCGGCTCTGAGG	TGGGTATTCCGGGGCAGGGCAGCTGCAGCTGCGATCGCACCATTAGCAGCGGCACCCAGATTCCGCAGGGCACCCTGGATCATATTCGCAAATATCTGAAAGCGTTTCATCGCTGCCCGTTTTTTATTCGCTTTCAGCTGCAGAGCAAAAGCGTGTGCGGCGGCAGCCAGGATCAGTGGGTGCGCGAACTGGTGGATTGCTTTGAACGCAAAGAATGCGGCACCGGTCATGGCAAAAGCTTTCATCATCAGAAACATCTGCCGGCGGCCGCAGAACAAAAACTCATCTCAGAAGAGGATCTGAATGGGGCCGCATAGACTGTTGAAAGTTGTTTAGCAAAACCTCATACAGAAAATTCATTTACTAACGTCTGGAAAGACGACAAAACTTTAGATCGTTACGCTAACTATGAGGGCTGTCTGTGGAATGCTACAGGCGTTGTGGTTTGTACTGGTGACGAAACTCAGTGTTACGGTACATGGGTTCCTATTGGGCTTGCTATCCCTGAAAATGAGGGTGGTGGCTCTGAGGGTGGCGGTTCTGAGGGTGGCGGTTCTGAGGGTGGCGGTACTAAACCTCCTGAGTACGGTGATACACCTATTCCGGGCTATACTTATATCAACCCTCTCGACGGCACTTATCCGCCTGGTACTGAGCAAAACCCCGCTAATCCTAATCCTTCTCTTGAGGAGTCTCAGCCTCTTAATACTTTCATGTTTCAGAATAATAGGTTCCGAAATAGGCAGGGTGCATTAACTGTTTATACGGGCACTGTTACTCAAGGCACTGACCCCGTTAAAACTTATTACCAGTACACTCCTGTATCATCAAAAGCCATGTATGACGCTTACTGGAACGGTAAATTCAGAGACTGCGCTTTCCATTCTGGCTTTAATGAGGATCCATTCGTTTGTGAATATCAAGGCCAATCGTCTGACCTGCCTCAACCTCCTGTCAATGCTGGCGGCGGCTCTGGTGGTGGTTCTGGTGGCGGCTCTGAGGGTGGCGGCTCTGAGGGGGCGGCTCTGAGG	WVFRGRAAAAAIAPLAAAPRFRRAPWIIFANI*	1	73	1	80	-------------------------------------------WVFRGRAAAAAIAPLAAAPRFRRAPWIIFANI*-------------------------------------------------------------------------------------------------------------------------------------------------------------------------------------------------------------------------------------------------------------------------------------------		_	_	_	_	_	_	_	_	_	_	_	_	_	_	_	_	_	_	_	_	_	_	_	_	_	_	_	_	_	_	_	_	_	_	_	_	_	_	_	_	_	_	_	W	V	F	R	G	R	A	A	A	A	A	I	A	P	L	A	A	A	P	R	F	R	R	A	P	W	I	I	F	A	N	I	STOP	_	_	_	_	_	_	_	_	_	_	_	_	_	_	_	_	_	_	_	_	_	_	_	_	_	_	_	_	_	_	_	_	_	_	_	_	_	_	_	_	_	_	_	_	_	_	_	_	_	_	_	_	_	_	_	_	_	_	_	_	_	_	_	_	_	_	_	_	_	_	_	_	_	_	_	_	_	_	_	_	_	_	_	_	_	_	_	_	_	_	_	_	_	_	_	_	_	_	_	_	_	_	_	_	_	_	_	_	_	_	_	_	_	_	_	_	_	_	_	_	_	_	_	_	_	_	_	_	_	_	_	_	_	_	_	_	_	_	_	_	_	_	_	_	_	_	_	_	_	_	_	_	_	_	_	_	_	_	_	_	_	_	_	_	_	_	_	_	_	_	_	_	_	_	_	_	_	_	_	_	_	_	_	_	_	_	_	_	_	_	_	_	_	_	_	_	_	_	_	_	_	_	_	_	_	_	_	_	_	_	_	_	_	_	_	_	_	_	_	_	_	_	_	_	_	_	_	_	_	_	_	_	_	_	_	_	_	_	_	_	_	_	_	_	_	_	_	_	_	_	_	_	_	_	_	_	_	_	_	_	_	_	_	_	_	_	_	_	_	_	_	_	_	_	_	_	_	_	_	_	_	_	_	-
 	NA	XXXXX	F07L2_45891_M13r	L2/	fasta	M13r	45891	Ambiguous AA found in the sequence, Phage sequence not found	AGGAGACAGTCATAATGAAATACCTATTGCCTACGGCAGCCGCTGGATTGTTATTACTCGCGGCCCAGCCGGCCATGGCCYRSSTTTRGMWTGRKARGGCGGGCAGCTGCAGCTGCGATCGCACCATTAGCAGCGGCACCCAGATTCCGCAGGGCACCCTGGATCATATTCGCAAATATCTGAAAGCGTTTCATCGCTGCCCGTTTTTTATTCGCTTTCAGCTGCAGAGCAAAAGCGTGTGCGGCGGCAGCCAGGATCAGTGGGTGCGCGAACTGGTGGATTGCTTTGAACGCAAAGAATGCGGCACCGGTCATGGCAAAAGCTTTCATCATCAGAAACATCTGCCGGCCA	XXXXTTTXGXXTGXXAXGGCGGGCAGCTGCAGCTGCGATCGCACCATTAGCAGCGGCACCCAGATTCCGCAGGGCACCCTGGATCATATTCGCAAATATCTGAAAGCGTTTCATCGCTGCCCGTTTTTTATTCGCTTTCAGCTGCAGAGCAAAAGCGTGTGCGGCGGCAGCCAGGATCAGTGGGTGCGCGAACTGGTGGATTGCTTTGAACGCAAAGAATGCGGCACCGGTCATGGCAAAAGCTTTCATCATCAGAAACATCTGCCGGCCA	XXXXXXAGSCSCDRTISSGTQIPQGTLDHIRKYLKAFHRCPFFIRFQLQSKSVCGGSQDQWVRELVDCFERKECGTGHGKSFHHQKHLPA	1	89	1	31	---------------------------XXXXXXAGSCSCDRTISSGTQIPQGTLDHIRKYLKAFHRCPFFIRFQLQSKSVCGGSQDQWVRELVDCFERKECGTGHGKSFHHQKHLPA--------------------------------------------------------------------------------------------------------------------------------------------------------------------------------------------------------------------------------------------------		_	_	_	_	_	_	_	_	_	_	_	_	_	_	_	_	_	_	_	_	_	_	_	_	_	_	_	X	X	X	X	X	X	A	G	S	C	S	C	D	R	T	I	S	S	G	T	Q	I	P	Q	G	T	L	D	H	I	R	K	Y	L	K	A	F	H	R	C	P	F	F	I	R	F	Q	L	Q	S	K	S	V	C	G	G	S	Q	D	Q	W	V	R	E	L	V	D	C	F	E	R	K	E	C	G	T	G	H	G	K	S	F	H	H	Q	K	H	L	P	A	_	_	_	_	_	_	_	_	_	_	_	_	_	_	_	_	_	_	_	_	_	_	_	_	_	_	_	_	_	_	_	_	_	_	_	_	_	_	_	_	_	_	_	_	_	_	_	_	_	_	_	_	_	_	_	_	_	_	_	_	_	_	_	_	_	_	_	_	_	_	_	_	_	_	_	_	_	_	_	_	_	_	_	_	_	_	_	_	_	_	_	_	_	_	_	_	_	_	_	_	_	_	_	_	_	_	_	_	_	_	_	_	_	_	_	_	_	_	_	_	_	_	_	_	_	_	_	_	_	_	_	_	_	_	_	_	_	_	_	_	_	_	_	_	_	_	_	_	_	_	_	_	_	_	_	_	_	_	_	_	_	_	_	_	_	_	_	_	_	_	_	_	_	_	_	_	_	_	_	_	_	_	_	_	_	_	_	_	_	_	_	_	_	_	_	_	_	_	_	_	_	_	_	_	_	_	_	_	_	_	_	_	_	_	_	_	_	_	_	_	_	_	_	_	_	_	_	_	_	_	_	_	_	_	_	_	_	_	_	_	_	_	-
 	NA	XXXXX	F11L2_45891_M13r	L2/	fasta	M13r	45891	Uneven number of cysteins, Ambiguous AA found in the sequence	CAGGAGACAGTCATAATGAAATACCTATTGCCTACGGCAGCCGCTGGATTGTTATTACTCGCGGCCCAGCCGGCCATGGCCWGKTTTCTGWCKTGTGCKGCGGGCAGCTGCAGCTGCGATCGCACCATTAGCAGCGGCACCCAGATTCCGCAGGGCACCCTGGATCATATTCGCAAATATCTGAAAGCGTTTCATCGCTGCCCGTTTTTTATTCGCTTTCAGCTGCAGAGCAAAAGCGTGTGCGGCGGCAGCCAGGATCAGTGGGTGCGCGAACTGGTGGATTGCTTTGAACGCAAAGAATGCGGCACCGGTCATGGCAAAAGCTTTCATCATCAGAAACATCTGCCGGCGGCCGCAGAACAAAAACTCATCTCAGAAGAGGATCTGAATGGGGCCGCATAGACTGTTGAAAGTTGTTTAGCAAAACCTCATACAGAAAATTCATTTACTAACGTCTGGAAAGACGACAAAACTTTAGATCGTTACGCTAACTATGAGGGCTGTCTGTGGAATGCTACAGGCGTTGTGGTTTGTACTGGTGACGAAACTCAGTGTTACGGTACATGGGTTCCTATTGGGCTTGCTATCCCTGAAAATGAGGGTGGTGGCTCTGAGGGTGGCGGTTCTGAGGGTGGCGGTTCTGAGGGTGGCGGTACTAAACCTCCTGAGTACGGTGATACACCTATTCCGGGCTATACTTATATCAACCCTCTCGACGGCACTTATCCGCCTGGTACTGAGCAAAACCCCGCTAATCCTAATCCTTCTCTTGAGGAGTCTCAGCCTCTTAATACTTTCATGTTTCAGAATAATAGGTTCCGAAATAGGCAGGGTGCATTAACTGTTTATACGGGCACTGTTACTCAAGGCACTGACCCCGTTAAAACTTATTACCAGTACACTCCTGTATCATCAAAAGCCATGTATGACGCTTACTGGAACGGTAAATTCAGAGACTGCGCTTTCCATTCTGGCTTTAATGAGGATCCATTCGTTTGTGAATATCAAGGCCAATCGTCTGACCTGCCTCAACCTCCTGTCAATGCTGGCGGCGGCTCTGGTGGTGGTTCTGGTGGCGGCTCTGAGGGTGGCGGCTCTGAGG	XGXTTTCTGXCXTGTGCXGCGGGCAGCTGCAGCTGCGATCGCACCATTAGCAGCGGCACCCAGATTCCGCAGGGCACCCTGGATCATATTCGCAAATATCTGAAAGCGTTTCATCGCTGCCCGTTTTTTATTCGCTTTCAGCTGCAGAGCAAAAGCGTGTGCGGCGGCAGCCAGGATCAGTGGGTGCGCGAACTGGTGGATTGCTTTGAACGCAAAGAATGCGGCACCGGTCATGGCAAAAGCTTTCATCATCAGAAACATCTGCCGGCGGCCGCAGAACAAAAACTCATCTCAGAAGAGGATCTGAATGGGGCCGCATAGACTGTTGAAAGTTGTTTAGCAAAACCTCATACAGAAAATTCATTTACTAACGTCTGGAAAGACGACAAAACTTTAGATCGTTACGCTAACTATGAGGGCTGTCTGTGGAATGCTACAGGCGTTGTGGTTTGTACTGGTGACGAAACTCAGTGTTACGGTACATGGGTTCCTATTGGGCTTGCTATCCCTGAAAATGAGGGTGGTGGCTCTGAGGGTGGCGGTTCTGAGGGTGGCGGTTCTGAGGGTGGCGGTACTAAACCTCCTGAGTACGGTGATACACCTATTCCGGGCTATACTTATATCAACCCTCTCGACGGCACTTATCCGCCTGGTACTGAGCAAAACCCCGCTAATCCTAATCCTTCTCTTGAGGAGTCTCAGCCTCTTAATACTTTCATGTTTCAGAATAATAGGTTCCGAAATAGGCAGGGTGCATTAACTGTTTATACGGGCACTGTTACTCAAGGCACTGACCCCGTTAAAACTTATTACCAGTACACTCCTGTATCATCAAAAGCCATGTATGACGCTTACTGGAACGGTAAATTCAGAGACTGCGCTTTCCATTCTGGCTTTAATGAGGATCCATTCGTTTGTGAATATCAAGGCCAATCGTCTGACCTGCCTCAACCTCCTGTCAATGCTGGCGGCGGCTCTGGTGGTGGTTCTGGTGGCGGCTCTGAGGGTGGCGGCTCTGAGG	XFLXCXAGSCSCDRTISSGTQIPQGTLDHIRKYLKAFHRCPFFIRFQLQSKSVCGGSQDQWVRELVDCFERKECGTGHGKSFHHQKHLP	1	77	1	44	---------------------------XFLXCXAGSCSCDRTISSGTQIPQGTLDHIRKYLKAFHRCPFFIRFQLQSKSVCGGSQDQWVRELVDCFERKECGTGHGKSFHHQKHLP---------------------------------------------------------------------------------------------------------------------------------------------------------------------------------------------------------------------------------------------------		_	_	_	_	_	_	_	_	_	_	_	_	_	_	_	_	_	_	_	_	_	_	_	_	_	_	_	X	F	L	X	C	X	A	G	S	C	S	C	D	R	T	I	S	S	G	T	Q	I	P	Q	G	T	L	D	H	I	R	K	Y	L	K	A	F	H	R	C	P	F	F	I	R	F	Q	L	Q	S	K	S	V	C	G	G	S	Q	D	Q	W	V	R	E	L	V	D	C	F	E	R	K	E	C	G	T	G	H	G	K	S	F	H	H	Q	K	H	L	P	_	_	_	_	_	_	_	_	_	_	_	_	_	_	_	_	_	_	_	_	_	_	_	_	_	_	_	_	_	_	_	_	_	_	_	_	_	_	_	_	_	_	_	_	_	_	_	_	_	_	_	_	_	_	_	_	_	_	_	_	_	_	_	_	_	_	_	_	_	_	_	_	_	_	_	_	_	_	_	_	_	_	_	_	_	_	_	_	_	_	_	_	_	_	_	_	_	_	_	_	_	_	_	_	_	_	_	_	_	_	_	_	_	_	_	_	_	_	_	_	_	_	_	_	_	_	_	_	_	_	_	_	_	_	_	_	_	_	_	_	_	_	_	_	_	_	_	_	_	_	_	_	_	_	_	_	_	_	_	_	_	_	_	_	_	_	_	_	_	_	_	_	_	_	_	_	_	_	_	_	_	_	_	_	_	_	_	_	_	_	_	_	_	_	_	_	_	_	_	_	_	_	_	_	_	_	_	_	_	_	_	_	_	_	_	_	_	_	_	_	_	_	_	_	_	_	_	_	_	_	_	_	_	_	_	_	_	_	_	_	_	_	_	-
 	NA	XXXXX	G06L1_45891_M13r	L1/	fasta	M13r	45891	Ambiguous AA found in the sequence, Phage sequence not found	GGAGACAGTCATAATGAAATACCTATTGCCTACGGCAGCCGCTGGATTGTTATTACTCGCGGCCCAGCCGGCCATGGCCCWKYTTWKTKAGGMTMTTGGCAGCTGCAGCTGCGATCGCACCATTAGCAGCGGCACCCAGATTCCGCAGGGCACCCTGGATCATATTCGCAAATATCTGAAAGCGTTTCATCGCTGCCCGTTTTTTATTCGCTTTCAGCTGCAGAGCAAAAGCGTGTGCGGCGGCAGCCAGGATCAGTGGGTGCGCGAACTGGTGGATTGCTTTGAACGCAAAGAATGCGGCACCGGTCATGGCAAAASYTTYCWT	CXXXTTXXTXAGGXTXTTGGCAGCTGCAGCTGCGATCGCACCATTAGCAGCGGCACCCAGATTCCGCAGGGCACCCTGGATCATATTCGCAAATATCTGAAAGCGTTTCATCGCTGCCCGTTTTTTATTCGCTTTCAGCTGCAGAGCAAAAGCGTGTGCGGCGGCAGCCAGGATCAGTGGGTGCGCGAACTGGTGGATTGCTTTGAACGCAAAGAATGCGGCACCGGTCATGGCAAAAXXTTXCXT	XXXXXXGSCSCDRTISSGTQIPQGTLDHIRKYLKAFHRCPFFIRFQLQSKSVCGGSQDQWVRELVDCFERKECGTGHGKXXX	1	93	1	30	----------------------------XXXXXXGSCSCDRTISSGTQIPQGTLDHIRKYLKAFHRCPFFIRFQLQSKSVCGGSQDQWVRELVDCFERKECGTGHGKXXX---------------------------------------------------------------------------------------------------------------------------------------------------------------------------------------------------------------------------------------------------------		_	_	_	_	_	_	_	_	_	_	_	_	_	_	_	_	_	_	_	_	_	_	_	_	_	_	_	_	X	X	X	X	X	X	G	S	C	S	C	D	R	T	I	S	S	G	T	Q	I	P	Q	G	T	L	D	H	I	R	K	Y	L	K	A	F	H	R	C	P	F	F	I	R	F	Q	L	Q	S	K	S	V	C	G	G	S	Q	D	Q	W	V	R	E	L	V	D	C	F	E	R	K	E	C	G	T	G	H	G	K	X	X	X	_	_	_	_	_	_	_	_	_	_	_	_	_	_	_	_	_	_	_	_	_	_	_	_	_	_	_	_	_	_	_	_	_	_	_	_	_	_	_	_	_	_	_	_	_	_	_	_	_	_	_	_	_	_	_	_	_	_	_	_	_	_	_	_	_	_	_	_	_	_	_	_	_	_	_	_	_	_	_	_	_	_	_	_	_	_	_	_	_	_	_	_	_	_	_	_	_	_	_	_	_	_	_	_	_	_	_	_	_	_	_	_	_	_	_	_	_	_	_	_	_	_	_	_	_	_	_	_	_	_	_	_	_	_	_	_	_	_	_	_	_	_	_	_	_	_	_	_	_	_	_	_	_	_	_	_	_	_	_	_	_	_	_	_	_	_	_	_	_	_	_	_	_	_	_	_	_	_	_	_	_	_	_	_	_	_	_	_	_	_	_	_	_	_	_	_	_	_	_	_	_	_	_	_	_	_	_	_	_	_	_	_	_	_	_	_	_	_	_	_	_	_	_	_	_	_	_	_	_	_	_	_	_	_	_	_	_	_	_	_	_	_	_	_	_	_	_	_	_	-
 	NA	XXXXX	H04L1_45891_M13r	L1/	fasta	M13r	45891	Ambiguous AA found in the sequence, Phage sequence not found	TTCTATTTCAGGAGACAGTCATAATGAAATACCTATTGCCTACGGCAGCCGCTGGATTGTTATTACTCGCGGCCCAGCCGGCCATGGCCAAGCGGACTGCGCATTTGGGCAGCTGCAGCTGCGATCGCACCATTAGCAGCGGCACCCAGATTCCGCAGGGCACCCTGGATCATATTCGCAAATATCTGAAAGCGTTTCATCGCTGCCCGTTTTTTATTCGCTTTCAGCTGCAGAGCAAAAGCGTGTGCGGCGGCWGCCAGGATCAGTGGGTGCGCGAACTGGTGGATTGCTTTGAACGCAAAGAATGCGGCACCGGTCATGGCAAAAGCTTTCATCATCAGAAACATCTGCCGGCGGCCGCAGAACAAAAACTCATCTCAGAAGAGGATCTGAATGGGGCCGCATAGACTGTTGAAAGTTGTTTASCAAAACCTCATACAGAAAATTCATTTACTAACGTCTGGAAAGACGACAAAACTTTAGATCGTTACGCTAACTATGAGGGCTGTCTGTGGAATGCTACAGGCGTTGTGGTTTGTACTGGTGACGAAACTCAGTGTTACGGTACATGGGTTCCTATTGGGCTTGCTATCCCTGAAAATGAGGGTGGTGGCTCTGAGGGTGGCGGTTCTGAGGGTGGCGGTTCTGAGGGTGGCGGTACTAAACCTCCTGAGTACGGTGATACACCTATTCCGGGCTATACTTATATCAACCCTCTCGACGGCACTTATCCGCCTGGTACTGAGCAAAACCCCGCTAATCCTAATCCTTCTCTTGAGGAGTCTCAGCCTCTTAATACTTTCATGTTTCAGAATAATAGGTTCCGAAATAGGCAGGGTGCATTAACTGTTTATACGGGCACTGTTACTCAAGGCACTGACCCCGTTAAAACTTATTACCAGTACACTCCTGTATCATCAAAAGCCATGTATGACGCTTACTGGAACGGTAAATTCAGAGACTGCGCTTTCCATTCTGGCTTTAATGAGGATCCATTCGTTTGTGAATATCAAGGCCAATCGTCTGACCTGCCTCAACCTCCTGTCAATGCTGGCGGCGGCTCTGGTGGTGGTTCTGGTGGCGGCTCTGAGGGTGGCSGCTCTGAGGTGGCGGCTCTGAGGGTGCCGTTCTGAGGT	AAGCGGACTGCGCATTTGGGCAGCTGCAGCTGCGATCGCACCATTAGCAGCGGCACCCAGATTCCGCAGGGCACCCTGGATCATATTCGCAAATATCTGAAAGCGTTTCATCGCTGCCCGTTTTTTATTCGCTTTCAGCTGCAGAGCAAAAGCGTGTGCGGCGGCXGCCAGGATCAGTGGGTGCGCGAACTGGTGGATTGCTTTGAACGCAAAGAATGCGGCACCGGTCATGGCAAAAGCTTTCATCATCAGAAACATCTGCCGGCGGCCGCAGAACAAAAACTCATCTCAGAAGAGGATCTGAATGGGGCCGCATAGACTGTTGAAAGTTGTTTAXCAAAACCTCATACAGAAAATTCATTTACTAACGTCTGGAAAGACGACAAAACTTTAGATCGTTACGCTAACTATGAGGGCTGTCTGTGGAATGCTACAGGCGTTGTGGTTTGTACTGGTGACGAAACTCAGTGTTACGGTACATGGGTTCCTATTGGGCTTGCTATCCCTGAAAATGAGGGTGGTGGCTCTGAGGGTGGCGGTTCTGAGGGTGGCGGTTCTGAGGGTGGCGGTACTAAACCTCCTGAGTACGGTGATACACCTATTCCGGGCTATACTTATATCAACCCTCTCGACGGCACTTATCCGCCTGGTACTGAGCAAAACCCCGCTAATCCTAATCCTTCTCTTGAGGAGTCTCAGCCTCTTAATACTTTCATGTTTCAGAATAATAGGTTCCGAAATAGGCAGGGTGCATTAACTGTTTATACGGGCACTGTTACTCAAGGCACTGACCCCGTTAAAACTTATTACCAGTACACTCCTGTATCATCAAAAGCCATGTATGACGCTTACTGGAACGGTAAATTCAGAGACTGCGCTTTCCATTCTGGCTTTAATGAGGATCCATTCGTTTGTGAATATCAAGGCCAATCGTCTGACCTGCCTCAACCTCCTGTCAATGCTGGCGGCGGCTCTGGTGGTGGTTCTGGTGGCGGCTCTGAGGGTGGCXGCTCTGAGGTGGCGGCTCTGAGGGTGCCGTTCTGAGGT	KRTAHLGSCSCDRTISSGTQIPQGTLDHIRKYLKAFHRCPFFIRFQLQSKSVCGGXQDQWVRELVDCFERKECGTGHGKSFHHQKHLPQTVESCLXKPHTENSFTNVWKDDKTLDRYANYEGCLWNATGVVVCTGDETQCYGTWVPIGLAIPENEGGGSEGGGSEGGGSEGGGTKPPEYGDTPIPGYTYINPLDGTYPPGTEQNPANPNPSLEESQPLNTFMFQNNRFRNRQGALTVYTGTVTQGTDPVKTYYQYTPVSSKAMYDAYWNGKFRDCAFHSGFNEDPFVCEYQGQSSDLPQPPVNAGGGSGGGSGGGSEGGXSEVAALRVPF*	1	27	1	2	----------------------------KRTAHLGSCSCDRTISSGTQIPQGTLDHIRKYLKAFHRCPFFIRFQLQSKSVCGGXQDQWVRELVDCFERKECGTGHGKSFHHQKHLPQTVESCLXKPHTENSFTNVWKDDKTLDRYANYEGCLWNATGVVVCTGDETQCYGTWVPIGLAIPENEGGGSEGGGSEGGGSEGGGTKPPEYGDTPIPGYTYINPLDGTYPPGTEQNPANPNPSLEESQPLNTFMFQNNRFRNRQGALTVYTGTVTQGTDPVKTYYQYTPVSSKAMYDAYWNGKFRDCAFHSGFNEDPFVCEYQGQSSDLPQPPVNAGGGSGGGSGGGSEGGXSEVAALRVPF*		_	_	_	_	_	_	_	_	_	_	_	_	_	_	_	_	_	_	_	_	_	_	_	_	_	_	_	_	K	R	T	A	H	L	G	S	C	S	C	D	R	T	I	S	S	G	T	Q	I	P	Q	G	T	L	D	H	I	R	K	Y	L	K	A	F	H	R	C	P	F	F	I	R	F	Q	L	Q	S	K	S	V	C	G	G	X	Q	D	Q	W	V	R	E	L	V	D	C	F	E	R	K	E	C	G	T	G	H	G	K	S	F	H	H	Q	K	H	L	P	Q	T	V	E	S	C	L	X	K	P	H	T	E	N	S	F	T	N	V	W	K	D	D	K	T	L	D	R	Y	A	N	Y	E	G	C	L	W	N	A	T	G	V	V	V	C	T	G	D	E	T	Q	C	Y	G	T	W	V	P	I	G	L	A	I	P	E	N	E	G	G	G	S	E	G	G	G	S	E	G	G	G	S	E	G	G	G	T	K	P	P	E	Y	G	D	T	P	I	P	G	Y	T	Y	I	N	P	L	D	G	T	Y	P	P	G	T	E	Q	N	P	A	N	P	N	P	S	L	E	E	S	Q	P	L	N	T	F	M	F	Q	N	N	R	F	R	N	R	Q	G	A	L	T	V	Y	T	G	T	V	T	Q	G	T	D	P	V	K	T	Y	Y	Q	Y	T	P	V	S	S	K	A	M	Y	D	A	Y	W	N	G	K	F	R	D	C	A	F	H	S	G	F	N	E	D	P	F	V	C	E	Y	Q	G	Q	S	S	D	L	P	Q	P	P	V	N	A	G	G	G	S	G	G	G	S	G	G	G	S	E	G	G	X	S	E	V	A	A	L	R	V	P	F	STOP	-
 	NA	NA	H08L2_45891_M13r	L2/	fasta	M13r	45891	Ambiguous AA found in the sequence, Protein backbone not matching the reference protein, Phage sequence not found	AGGAGACAGTCATAATGAAATACCTATTGCCTACGGCAGCCGCTGGATTGTTATTACTCGCGGCCCAGCCGGCCATGGCCYGYGAGGA	XGXGAGGA	XE	1	76	1	43	-----------------------------------------------------------------------------------------------XE----------------------------------------------------------------------------------------------------------------------------------------------------------------------------------------------------------------------------------------------------------------------		_	_	_	_	_	_	_	_	_	_	_	_	_	_	_	_	_	_	_	_	_	_	_	_	_	_	_	_	_	_	_	_	_	_	_	_	_	_	_	_	_	_	_	_	_	_	_	_	_	_	_	_	_	_	_	_	_	_	_	_	_	_	_	_	_	_	_	_	_	_	_	_	_	_	_	_	_	_	_	_	_	_	_	_	_	_	_	_	_	_	_	_	_	_	_	X	E	_	_	_	_	_	_	_	_	_	_	_	_	_	_	_	_	_	_	_	_	_	_	_	_	_	_	_	_	_	_	_	_	_	_	_	_	_	_	_	_	_	_	_	_	_	_	_	_	_	_	_	_	_	_	_	_	_	_	_	_	_	_	_	_	_	_	_	_	_	_	_	_	_	_	_	_	_	_	_	_	_	_	_	_	_	_	_	_	_	_	_	_	_	_	_	_	_	_	_	_	_	_	_	_	_	_	_	_	_	_	_	_	_	_	_	_	_	_	_	_	_	_	_	_	_	_	_	_	_	_	_	_	_	_	_	_	_	_	_	_	_	_	_	_	_	_	_	_	_	_	_	_	_	_	_	_	_	_	_	_	_	_	_	_	_	_	_	_	_	_	_	_	_	_	_	_	_	_	_	_	_	_	_	_	_	_	_	_	_	_	_	_	_	_	_	_	_	_	_	_	_	_	_	_	_	_	_	_	_	_	_	_	_	_	_	_	_	_	_	_	_	_	_	_	_	_	_	_	_	_	_	_	_	_	_	_	_	_	_	_	_	_	_	_	_	_	_	_	_	_	_	_	_	_	_	_	_	_	_	_	_	_	-
pHEN_empty	NA	NA	H12L2_45891_M13r	L2/	fasta	M13r	45891	Protein backbone not matching the reference protein, Phage sequence not found	CAGGAGACAGTCATAATGAAATACCTATTGCCTACGGCAGCCGCTGGATTGTTATTACTCGCGGCCCAGCCGGCCATGGCCCTCGAGGGCGCGCCTCTAGAGCGGCCGCAGAACAAAAACTCATCTCAGAAGAGGATCTGAATGGGGCCGCATAGACTGTTGAAAGTTGTTTAGCAAAACCTCATACAGAAAATTCATTTACTAACGTCTGGAAAGACGACAAAACTTTAGATCGTTACGCTAACTATGAGGGCTGTCTGTGGAATGCTACAGGCGTTGTGGTTTGTACTGGTGACGAAACTCAGTGTTACGGTACATGGGTTCCTATTGGGCTTGCTATCCCTGAAAATGAGGGTGGTGGCTCTGAGGGTGGCGGTTCTGAGGGTGGCGGTTCTGAGGGTGGCGGTACTAAACCTCCTGAGTACGGTGATACACCTATTCCGGGCTATACTTATATCAACCCTCTCGACGGCACTTATCCGCCTGGTACTGAGCAAAACCCCGCTAATCCTAATCCTTCTCTTGAGGAGTCTCAGCCTCTTAATACTTTCATGTTTCAGAATAATAGGTTCCGAAATAGGCAGGGTGCATTAACTGTTTATACGGGCACTGTTACTCAAGGCACTGACCCCGTTAAAACTTATTACCAGTACACTCCTGTATCATCAAAAGCCATGTATGACGCTTACTGGAACGGTAAATTCAGAGACTGCGCTTTCCATTCTGGCTTTAATGAGGATCCATTCGTTTGTGAATATCAAGGCCAATCGTCTGACCTGCCTCAACCTCCTGTCAATGCTGGCGGCGGCTCTGGTGGTGGTTCTGGTGGCGGCTCTGAGGGTGGCGGCTCTGAGGGTGGCGGCTCTGAGGGTGGCGGTTCTGAGGGTGGCGGCTCTGAGGGTGGCGGTTCCGGTGGCGGCTCCGGTTCCGGTGATTTTGATTATGAAAAAATGGCAAACGCTAATAAGGGGGCTATGACCGAAAATGCCGATGAAAACGCGCTACAGTCTGACGCTAAAGGCAAACTTGATTCTGTCGCTACTGATTACGGTGCTGCTATCGATGGTTTCATTGGTGACGTTTCCGGCCTTGCTAATGGTAATGGTGCTACTGGGGATTTGCTGGCTCTAATTCCCAATGGCT	CTCGAGGGCGCGCCTCTAGAGCGGCCGCAGAACAAAAACTCATCTCAGAAGAGGATCTGAATGGGGCCGCATAGACTGTTGAAAGTTGTTTAGCAAAACCTCATACAGAAAATTCATTTACTAACGTCTGGAAAGACGACAAAACTTTAGATCGTTACGCTAACTATGAGGGCTGTCTGTGGAATGCTACAGGCGTTGTGGTTTGTACTGGTGACGAAACTCAGTGTTACGGTACATGGGTTCCTATTGGGCTTGCTATCCCTGAAAATGAGGGTGGTGGCTCTGAGGGTGGCGGTTCTGAGGGTGGCGGTTCTGAGGGTGGCGGTACTAAACCTCCTGAGTACGGTGATACACCTATTCCGGGCTATACTTATATCAACCCTCTCGACGGCACTTATCCGCCTGGTACTGAGCAAAACCCCGCTAATCCTAATCCTTCTCTTGAGGAGTCTCAGCCTCTTAATACTTTCATGTTTCAGAATAATAGGTTCCGAAATAGGCAGGGTGCATTAACTGTTTATACGGGCACTGTTACTCAAGGCACTGACCCCGTTAAAACTTATTACCAGTACACTCCTGTATCATCAAAAGCCATGTATGACGCTTACTGGAACGGTAAATTCAGAGACTGCGCTTTCCATTCTGGCTTTAATGAGGATCCATTCGTTTGTGAATATCAAGGCCAATCGTCTGACCTGCCTCAACCTCCTGTCAATGCTGGCGGCGGCTCTGGTGGTGGTTCTGGTGGCGGCTCTGAGGGTGGCGGCTCTGAGGGTGGCGGCTCTGAGGGTGGCGGTTCTGAGGGTGGCGGCTCTGAGGGTGGCGGTTCCGGTGGCGGCTCCGGTTCCGGTGATTTTGATTATGAAAAAATGGCAAACGCTAATAAGGGGGCTATGACCGAAAATGCCGATGAAAACGCGCTACAGTCTGACGCTAAAGGCAAACTTGATTCTGTCGCTACTGATTACGGTGCTGCTATCGATGGTTTCATTGGTGACGTTTCCGGCCTTGCTAATGGTAATGGTGCTACTGGGGATTTGCTGGCTCTAATTCCCAATGGCT	LEGAPLERPQNKNSSQKRI*	1	29	1	55	-----------------------------------------------------------------------------------------------LEGAPLERPQNKNSSQKRI*----------------------------------------------------------------------------------------------------------------------------------------------------------------------------------------------------------------------------------------------------		_	_	_	_	_	_	_	_	_	_	_	_	_	_	_	_	_	_	_	_	_	_	_	_	_	_	_	_	_	_	_	_	_	_	_	_	_	_	_	_	_	_	_	_	_	_	_	_	_	_	_	_	_	_	_	_	_	_	_	_	_	_	_	_	_	_	_	_	_	_	_	_	_	_	_	_	_	_	_	_	_	_	_	_	_	_	_	_	_	_	_	_	_	_	_	L	E	G	A	P	L	E	R	P	Q	N	K	N	S	S	Q	K	R	I	STOP	_	_	_	_	_	_	_	_	_	_	_	_	_	_	_	_	_	_	_	_	_	_	_	_	_	_	_	_	_	_	_	_	_	_	_	_	_	_	_	_	_	_	_	_	_	_	_	_	_	_	_	_	_	_	_	_	_	_	_	_	_	_	_	_	_	_	_	_	_	_	_	_	_	_	_	_	_	_	_	_	_	_	_	_	_	_	_	_	_	_	_	_	_	_	_	_	_	_	_	_	_	_	_	_	_	_	_	_	_	_	_	_	_	_	_	_	_	_	_	_	_	_	_	_	_	_	_	_	_	_	_	_	_	_	_	_	_	_	_	_	_	_	_	_	_	_	_	_	_	_	_	_	_	_	_	_	_	_	_	_	_	_	_	_	_	_	_	_	_	_	_	_	_	_	_	_	_	_	_	_	_	_	_	_	_	_	_	_	_	_	_	_	_	_	_	_	_	_	_	_	_	_	_	_	_	_	_	_	_	_	_	_	_	_	_	_	_	_	_	_	_	_	_	_	_	_	_	_	_	_	_	_	_	_	_	_	_	_	_	_	_	_	_	_	-
