analog_name	backbone	sequence_prot	replicates_global	 	AA_1	AA_2	AA_3	AA_4	AA_5	AA_6	AA_7	AA_8	AA_9	AA_10	AA_11	AA_12	AA_13	AA_14	AA_15	AA_16	AA_17	AA_18	AA_19	AA_20	AA_21	AA_22	AA_23	AA_24	AA_25	AA_26	AA_27	AA_28	AA_29	AA_30	AA_31	AA_32	AA_33	AA_34	AA_35	AA_36	AA_37	AA_38	AA_39	AA_40	AA_41	AA_42	AA_43	AA_44	AA_45	AA_46	AA_47	AA_48	AA_49	AA_50	AA_51	AA_52	AA_53	AA_54	AA_55	AA_56	AA_57	AA_58	AA_59	AA_60	AA_61	AA_62	AA_63	AA_64	AA_65	AA_66	AA_67	AA_68	AA_69	AA_70	AA_71	AA_72	AA_73	AA_74	AA_75	AA_76	AA_77	AA_78	AA_79	AA_80	AA_81	AA_82	AA_83	AA_84	AA_85	AA_86	AA_87	AA_88	AA_89	AA_90
 	XXXXX	ACCAQSAGSCSCDRTISSGTQIPQGTLDHIRKYLKAFHRCPFFIRFQLQSKSVCGGSQDQWVRELVDCFERKECGTGHGKSFHHQKHLP	1		_	A	C	C	A	Q	S	A	G	S	C	S	C	D	R	T	I	S	S	G	T	Q	I	P	Q	G	T	L	D	H	I	R	K	Y	L	K	A	F	H	R	C	P	F	F	I	R	F	Q	L	Q	S	K	S	V	C	G	G	S	Q	D	Q	W	V	R	E	L	V	D	C	F	E	R	K	E	C	G	T	G	H	G	K	S	F	H	H	Q	K	H	L	P
 	XXXXX	AKLLFVAGSCSCDRTISSGTQIPQGTLDHIRKYLKAFHRCPFFIRFQLQSKSVCGGSQDQWVRELVDCFERKECGTGHGKSFHHQKHLP	1		_	A	K	L	L	F	V	A	G	S	C	S	C	D	R	T	I	S	S	G	T	Q	I	P	Q	G	T	L	D	H	I	R	K	Y	L	K	A	F	H	R	C	P	F	F	I	R	F	Q	L	Q	S	K	S	V	C	G	G	S	Q	D	Q	W	V	R	E	L	V	D	C	F	E	R	K	E	C	G	T	G	H	G	K	S	F	H	H	Q	K	H	L	P
 	XXXXX	ASGKLFAGSCSCDRTISSGTQIPQGTLDHIRKYLKAFHRCPFFIRFQLQSKSVCGGSQDQWVRELVDCFERKECGTGHGKSFHHQKHLP	1		_	A	S	G	K	L	F	A	G	S	C	S	C	D	R	T	I	S	S	G	T	Q	I	P	Q	G	T	L	D	H	I	R	K	Y	L	K	A	F	H	R	C	P	F	F	I	R	F	Q	L	Q	S	K	S	V	C	G	G	S	Q	D	Q	W	V	R	E	L	V	D	C	F	E	R	K	E	C	G	T	G	H	G	K	S	F	H	H	Q	K	H	L	P
 	XXXXX	ATWPGEAGSCSCDRTISSGTQIPQGTLDHIRKYLKAFHRCPFFIRFQLQSKSVCGGSQDQWVRELVDCFERKECGTGHGKSFHHQKHLP	1		_	A	T	W	P	G	E	A	G	S	C	S	C	D	R	T	I	S	S	G	T	Q	I	P	Q	G	T	L	D	H	I	R	K	Y	L	K	A	F	H	R	C	P	F	F	I	R	F	Q	L	Q	S	K	S	V	C	G	G	S	Q	D	Q	W	V	R	E	L	V	D	C	F	E	R	K	E	C	G	T	G	H	G	K	S	F	H	H	Q	K	H	L	P
 	XXXXX	CLAQGRAGSCSCDRTISSGTQIPQGTLDHIRKYLKAFHRCPFFIRFQLQSKSVCGGSQDQWVRELVDCFERKECGTGHGKSFHHQKHLP	1		_	C	L	A	Q	G	R	A	G	S	C	S	C	D	R	T	I	S	S	G	T	Q	I	P	Q	G	T	L	D	H	I	R	K	Y	L	K	A	F	H	R	C	P	F	F	I	R	F	Q	L	Q	S	K	S	V	C	G	G	S	Q	D	Q	W	V	R	E	L	V	D	C	F	E	R	K	E	C	G	T	G	H	G	K	S	F	H	H	Q	K	H	L	P
 	XXXXX	CSFGAFAGSCSCDRTISSGTQIPQGTLDHIRKYLKAFHRCPFFIRFQLQSKSVCGGSQDQWVRELVDCFERKECGTGHGKSFHRQKHLP	1		_	C	S	F	G	A	F	A	G	S	C	S	C	D	R	T	I	S	S	G	T	Q	I	P	Q	G	T	L	D	H	I	R	K	Y	L	K	A	F	H	R	C	P	F	F	I	R	F	Q	L	Q	S	K	S	V	C	G	G	S	Q	D	Q	W	V	R	E	L	V	D	C	F	E	R	K	E	C	G	T	G	H	G	K	S	F	H	R	Q	K	H	L	P
 	XXXXX	CVCXXXAGSCSCDRTISSGTQIPQGTLDHIRKYLKAFHRCPFFIRFQLQSKSVCGGSQDQWVRELVDCFERKECGTGHGKSXHHQKHLP	1		_	C	V	C	X	X	X	A	G	S	C	S	C	D	R	T	I	S	S	G	T	Q	I	P	Q	G	T	L	D	H	I	R	K	Y	L	K	A	F	H	R	C	P	F	F	I	R	F	Q	L	Q	S	K	S	V	C	G	G	S	Q	D	Q	W	V	R	E	L	V	D	C	F	E	R	K	E	C	G	T	G	H	G	K	S	X	H	H	Q	K	H	L	P
 	XXXXX	DYARVCGSCSCDRTISSGTQIPQGTLDHIRKYLKAFHRCPFFIRFQLQSKSVCGGSQDQWVRELVDCFERKECGTGHGKSFHHQKHLP	1		_	_	D	Y	A	R	V	C	G	S	C	S	C	D	R	T	I	S	S	G	T	Q	I	P	Q	G	T	L	D	H	I	R	K	Y	L	K	A	F	H	R	C	P	F	F	I	R	F	Q	L	Q	S	K	S	V	C	G	G	S	Q	D	Q	W	V	R	E	L	V	D	C	F	E	R	K	E	C	G	T	G	H	G	K	S	F	H	H	Q	K	H	L	P
 	XXXXX	FACGSSGSCSCDRTISSGTQIPQGTLDHIRKYLKAFHRCPFFIRFQLQSKSVCGGSQDQWVRELVDCFERKECGTGHGKSFHHQKHLP	1		_	_	F	A	C	G	S	S	G	S	C	S	C	D	R	T	I	S	S	G	T	Q	I	P	Q	G	T	L	D	H	I	R	K	Y	L	K	A	F	H	R	C	P	F	F	I	R	F	Q	L	Q	S	K	S	V	C	G	G	S	Q	D	Q	W	V	R	E	L	V	D	C	F	E	R	K	E	C	G	T	G	H	G	K	S	F	H	H	Q	K	H	L	P
 	XXXXX	FCWQVEAGSCSCDRTISSGTQIPQGTLDHIRKYLKAFHRCPFFIRFQLQSKSVCGGSQDQWVRELVDCFERKECGTGHGKSFHHQKHLP	1		_	F	C	W	Q	V	E	A	G	S	C	S	C	D	R	T	I	S	S	G	T	Q	I	P	Q	G	T	L	D	H	I	R	K	Y	L	K	A	F	H	R	C	P	F	F	I	R	F	Q	L	Q	S	K	S	V	C	G	G	S	Q	D	Q	W	V	R	E	L	V	D	C	F	E	R	K	E	C	G	T	G	H	G	K	S	F	H	H	Q	K	H	L	P
 	XXXXX	FMAHGRAGSCSCDRTISSGTQIPQGTLDHIRKYLKAFHRCPFFIRFQLQSKSVCGGSQDQWVRELVDCFERKECGTGHGKSFHHQKHLP	1		_	F	M	A	H	G	R	A	G	S	C	S	C	D	R	T	I	S	S	G	T	Q	I	P	Q	G	T	L	D	H	I	R	K	Y	L	K	A	F	H	R	C	P	F	F	I	R	F	Q	L	Q	S	K	S	V	C	G	G	S	Q	D	Q	W	V	R	E	L	V	D	C	F	E	R	K	E	C	G	T	G	H	G	K	S	F	H	H	Q	K	H	L	P
 	XXXXX	FTGSMEAGSCSCDRTISSGTQIPQGTLDHIRKYLKAFHRCPFFIRFQLQSKSVCGGSQDQWVRELVDCFERKECGTGHGKSFHHQKHLP	1		_	F	T	G	S	M	E	A	G	S	C	S	C	D	R	T	I	S	S	G	T	Q	I	P	Q	G	T	L	D	H	I	R	K	Y	L	K	A	F	H	R	C	P	F	F	I	R	F	Q	L	Q	S	K	S	V	C	G	G	S	Q	D	Q	W	V	R	E	L	V	D	C	F	E	R	K	E	C	G	T	G	H	G	K	S	F	H	H	Q	K	H	L	P
 	XXXXX	FWWCLYRAGSCSCDRTISSGTQIPQGTLDHIRKYLKAFHRCPFFIRFQLQSKSVCGGSQDQWVRELVDCFERKECGTGHGKSFHHQKHLP	1		F	W	W	C	L	Y	R	A	G	S	C	S	C	D	R	T	I	S	S	G	T	Q	I	P	Q	G	T	L	D	H	I	R	K	Y	L	K	A	F	H	R	C	P	F	F	I	R	F	Q	L	Q	S	K	S	V	C	G	G	S	Q	D	Q	W	V	R	E	L	V	D	C	F	E	R	K	E	C	G	T	G	H	G	K	S	F	H	H	Q	K	H	L	P
 	XXXXX	GAQTPSAGSCSCDRTISSGTQIPQGTLDHIRKYLKAFHRCPFFIRFQLQSKSVCGGSQDQWVRELVDCFERKECGTGHGKSFHHQKHLP	1		_	G	A	Q	T	P	S	A	G	S	C	S	C	D	R	T	I	S	S	G	T	Q	I	P	Q	G	T	L	D	H	I	R	K	Y	L	K	A	F	H	R	C	P	F	F	I	R	F	Q	L	Q	S	K	S	V	C	G	G	S	Q	D	Q	W	V	R	E	L	V	D	C	F	E	R	K	E	C	G	T	G	H	G	K	S	F	H	H	Q	K	H	L	P
 	XXXXX	GARVWNGSCSCDRTISSGTQIPQGTLDHIRKYLKAFHRCPFFIRFQLQSKSVCGGSQDQWVRELVDCFERKECGTGHGKSFHHQKHLP	1		_	_	G	A	R	V	W	N	G	S	C	S	C	D	R	T	I	S	S	G	T	Q	I	P	Q	G	T	L	D	H	I	R	K	Y	L	K	A	F	H	R	C	P	F	F	I	R	F	Q	L	Q	S	K	S	V	C	G	G	S	Q	D	Q	W	V	R	E	L	V	D	C	F	E	R	K	E	C	G	T	G	H	G	K	S	F	H	H	Q	K	H	L	P
 	XXXXX	GCIQSSGSCSCDRTISSGTQIPQGTLDHIRKYLKAFHRCPFFIRFQLQSKSVCGGSQDQWVRELVDCFERKECGTGHGKSFHHQKHLP	1		_	_	G	C	I	Q	S	S	G	S	C	S	C	D	R	T	I	S	S	G	T	Q	I	P	Q	G	T	L	D	H	I	R	K	Y	L	K	A	F	H	R	C	P	F	F	I	R	F	Q	L	Q	S	K	S	V	C	G	G	S	Q	D	Q	W	V	R	E	L	V	D	C	F	E	R	K	E	C	G	T	G	H	G	K	S	F	H	H	Q	K	H	L	P
 	XXXXX	GGDCRSGSCSCDRTISSGTQIPQGTLDHIRKYLKAFHRCPFFIRFQLQSKSVCGGSQDQWVRELVDCFERKECGTGHGKSFHHQKHLP	1		_	_	G	G	D	C	R	S	G	S	C	S	C	D	R	T	I	S	S	G	T	Q	I	P	Q	G	T	L	D	H	I	R	K	Y	L	K	A	F	H	R	C	P	F	F	I	R	F	Q	L	Q	S	K	S	V	C	G	G	S	Q	D	Q	W	V	R	E	L	V	D	C	F	E	R	K	E	C	G	T	G	H	G	K	S	F	H	H	Q	K	H	L	P
 	XXXXX	GMSGVRAGSCSCDRTISSGTQIPQGTLDHIRKYLKAFHRCPFFIRFQLQSKSVCGGSQDQWVRELVDCFERKECGTGHGKSFHHQKHLP	1		_	G	M	S	G	V	R	A	G	S	C	S	C	D	R	T	I	S	S	G	T	Q	I	P	Q	G	T	L	D	H	I	R	K	Y	L	K	A	F	H	R	C	P	F	F	I	R	F	Q	L	Q	S	K	S	V	C	G	G	S	Q	D	Q	W	V	R	E	L	V	D	C	F	E	R	K	E	C	G	T	G	H	G	K	S	F	H	H	Q	K	H	L	P
 	XXXXX	GQWTRAGSCSCDRTISSGTQIPQGTLDHIRKYLKAFHRCPFFIRFQLQSKSVCGGSQDQWVRELVDCFERKECGTGHGKSFHHQKHLP	1		_	_	G	Q	W	T	R	A	G	S	C	S	C	D	R	T	I	S	S	G	T	Q	I	P	Q	G	T	L	D	H	I	R	K	Y	L	K	A	F	H	R	C	P	F	F	I	R	F	Q	L	Q	S	K	S	V	C	G	G	S	Q	D	Q	W	V	R	E	L	V	D	C	F	E	R	K	E	C	G	T	G	H	G	K	S	F	H	H	Q	K	H	L	P
 	XXXXX	IAGKQLGSCSCDRTISSGTQIPQGTLDHIRKYLKAFHRCPFFIRFQLQSKSVCGGSQDQWVRELVDCFERKECGTGHGKSFHHQKHLP	1		_	_	I	A	G	K	Q	L	G	S	C	S	C	D	R	T	I	S	S	G	T	Q	I	P	Q	G	T	L	D	H	I	R	K	Y	L	K	A	F	H	R	C	P	F	F	I	R	F	Q	L	Q	S	K	S	V	C	G	G	S	Q	D	Q	W	V	R	E	L	V	D	C	F	E	R	K	E	C	G	T	G	H	G	K	S	F	H	H	Q	K	H	L	P
 	XXXXX	IVLDEGGSCSCDRTISSGTQIPQGTLDHIRKYLKAFHRCPFFIRFQLQSKSVCGGSQDQWVRELVDCFERKECGTGHGKSFHHQKHLP	1		_	_	I	V	L	D	E	G	G	S	C	S	C	D	R	T	I	S	S	G	T	Q	I	P	Q	G	T	L	D	H	I	R	K	Y	L	K	A	F	H	R	C	P	F	F	I	R	F	Q	L	Q	S	K	S	V	C	G	G	S	Q	D	Q	W	V	R	E	L	V	D	C	F	E	R	K	E	C	G	T	G	H	G	K	S	F	H	H	Q	K	H	L	P
 	XXXXX	IYRGDAAGSCSCDRTISSGTQIPQGTLDHIRKYLKAFHRCPFFIRFQLQSKSVCGGSQDQWVRELVDCFERKECGTGHGKSFHHQKHLP	1		_	I	Y	R	G	D	A	A	G	S	C	S	C	D	R	T	I	S	S	G	T	Q	I	P	Q	G	T	L	D	H	I	R	K	Y	L	K	A	F	H	R	C	P	F	F	I	R	F	Q	L	Q	S	K	S	V	C	G	G	S	Q	D	Q	W	V	R	E	L	V	D	C	F	E	R	K	E	C	G	T	G	H	G	K	S	F	H	H	Q	K	H	L	P
 	XXXXX	KASWYFGSCSCDRTISSGTQIPQGTLDHIRKYLKAFHRCPFFIRFQLQSKSVCGGSQDQWVRELVDCFERKECGTGHGKSFHHQKHLP	1		_	_	K	A	S	W	Y	F	G	S	C	S	C	D	R	T	I	S	S	G	T	Q	I	P	Q	G	T	L	D	H	I	R	K	Y	L	K	A	F	H	R	C	P	F	F	I	R	F	Q	L	Q	S	K	S	V	C	G	G	S	Q	D	Q	W	V	R	E	L	V	D	C	F	E	R	K	E	C	G	T	G	H	G	K	S	F	H	H	Q	K	H	L	P
 	XXXXX	KATSRAAGSCSCDRTISSGTQIPQGTLDHIRKYLKAFHRCPFFIRFQLQSKSVCGGSQDQWVRELVDCFERKECGTGHGKSFHHQKHLP	1		_	K	A	T	S	R	A	A	G	S	C	S	C	D	R	T	I	S	S	G	T	Q	I	P	Q	G	T	L	D	H	I	R	K	Y	L	K	A	F	H	R	C	P	F	F	I	R	F	Q	L	Q	S	K	S	V	C	G	G	S	Q	D	Q	W	V	R	E	L	V	D	C	F	E	R	K	E	C	G	T	G	H	G	K	S	F	H	H	Q	K	H	L	P
 	XXXXX	LCSNQRAGSCSCDRTISSGTQIPQGTLDHIRKYLKAFHRCPFFIRFQLQSKSVCGGSQDQWVRELVDCFERKECGTGHGKSFHHQKHLP	1		_	L	C	S	N	Q	R	A	G	S	C	S	C	D	R	T	I	S	S	G	T	Q	I	P	Q	G	T	L	D	H	I	R	K	Y	L	K	A	F	H	R	C	P	F	F	I	R	F	Q	L	Q	S	K	S	V	C	G	G	S	Q	D	Q	W	V	R	E	L	V	D	C	F	E	R	K	E	C	G	T	G	H	G	K	S	F	H	H	Q	K	H	L	P
 	XXXXX	LFRCVAGSCSCDRTISSGTQIPQGTLDHIRKYLKAFHRCPFFIRFQLQSKSVCGGSQDQWVRELVDCFERKECGTGHGKSFHHQKHLP	1		_	_	L	F	R	C	V	A	G	S	C	S	C	D	R	T	I	S	S	G	T	Q	I	P	Q	G	T	L	D	H	I	R	K	Y	L	K	A	F	H	R	C	P	F	F	I	R	F	Q	L	Q	S	K	S	V	C	G	G	S	Q	D	Q	W	V	R	E	L	V	D	C	F	E	R	K	E	C	G	T	G	H	G	K	S	F	H	H	Q	K	H	L	P
 	XXXXX	LLALWWGSCSCDRTISSGTQIPQGTLDHIRKYLKAFHRCPFFIRFQLQSKSVCGGSQDQWVRELVDCFERKECGTGHGKSFHHQKHLP	1		_	_	L	L	A	L	W	W	G	S	C	S	C	D	R	T	I	S	S	G	T	Q	I	P	Q	G	T	L	D	H	I	R	K	Y	L	K	A	F	H	R	C	P	F	F	I	R	F	Q	L	Q	S	K	S	V	C	G	G	S	Q	D	Q	W	V	R	E	L	V	D	C	F	E	R	K	E	C	G	T	G	H	G	K	S	F	H	H	Q	K	H	L	P
 	XXXXX	LTMLVAGSCSCDRTISSGTQIPQGTLDHIRKYLKAFHRCPFFIRFQLQSKSVCGGSQDQWVRELVDCFERKECGTGHGKSFHHQKHLP	1		_	_	L	T	M	L	V	A	G	S	C	S	C	D	R	T	I	S	S	G	T	Q	I	P	Q	G	T	L	D	H	I	R	K	Y	L	K	A	F	H	R	C	P	F	F	I	R	F	Q	L	Q	S	K	S	V	C	G	G	S	Q	D	Q	W	V	R	E	L	V	D	C	F	E	R	K	E	C	G	T	G	H	G	K	S	F	H	H	Q	K	H	L	P
 	XXXXX	MDRPVDAGSCSCDRTISSGTQIPQGTLDHIRKYLKAFHRCPFFIRFQLQSKSVCGGSQDQWVRELVDCFERKECGTGHGKSFHHQKHLP	1		_	M	D	R	P	V	D	A	G	S	C	S	C	D	R	T	I	S	S	G	T	Q	I	P	Q	G	T	L	D	H	I	R	K	Y	L	K	A	F	H	R	C	P	F	F	I	R	F	Q	L	Q	S	K	S	V	C	G	G	S	Q	D	Q	W	V	R	E	L	V	D	C	F	E	R	K	E	C	G	T	G	H	G	K	S	F	H	H	Q	K	H	L	P
 	XXXXX	MITHVTGSCSCDRTISSGTQIPQGTLDHIRKYLKAFHRCPFFIRFQLQSKSVCGGSQDQWVRELVDCFERKECGTGHGKSFHHQKHLP	1		_	_	M	I	T	H	V	T	G	S	C	S	C	D	R	T	I	S	S	G	T	Q	I	P	Q	G	T	L	D	H	I	R	K	Y	L	K	A	F	H	R	C	P	F	F	I	R	F	Q	L	Q	S	K	S	V	C	G	G	S	Q	D	Q	W	V	R	E	L	V	D	C	F	E	R	K	E	C	G	T	G	H	G	K	S	F	H	H	Q	K	H	L	P
 	XXXXX	MVSLCMGSCSCDRTISSGTQIPQGTLDHIRKYLKAFHRCPFFIRFQLQSKSVCGGSQDQWVRELVDCFERKECGTGHGKSFHHQKHLP	1		_	_	M	V	S	L	C	M	G	S	C	S	C	D	R	T	I	S	S	G	T	Q	I	P	Q	G	T	L	D	H	I	R	K	Y	L	K	A	F	H	R	C	P	F	F	I	R	F	Q	L	Q	S	K	S	V	C	G	G	S	Q	D	Q	W	V	R	E	L	V	D	C	F	E	R	K	E	C	G	T	G	H	G	K	S	F	H	H	Q	K	H	L	P
 	XXXXX	NLCPVKAGSCSCDRTISSGTQIPQGTLDHIRKYLKAFHRCPFFIRFQLQSKSVCGGSQDQWVRELVDCFERKECGTGHGKSFHHQKHLP	1		_	N	L	C	P	V	K	A	G	S	C	S	C	D	R	T	I	S	S	G	T	Q	I	P	Q	G	T	L	D	H	I	R	K	Y	L	K	A	F	H	R	C	P	F	F	I	R	F	Q	L	Q	S	K	S	V	C	G	G	S	Q	D	Q	W	V	R	E	L	V	D	C	F	E	R	K	E	C	G	T	G	H	G	K	S	F	H	H	Q	K	H	L	P
 	XXXXX	PAKSRDGSCSCDRTISSGTQIPQGTLDHIRKYLKAFHRCPFFIRFQLQSKSVCGGSQDQWVRELVDCFERKECGTGHGKSFHHQKHLP	1		_	_	P	A	K	S	R	D	G	S	C	S	C	D	R	T	I	S	S	G	T	Q	I	P	Q	G	T	L	D	H	I	R	K	Y	L	K	A	F	H	R	C	P	F	F	I	R	F	Q	L	Q	S	K	S	V	C	G	G	S	Q	D	Q	W	V	R	E	L	V	D	C	F	E	R	K	E	C	G	T	G	H	G	K	S	F	H	H	Q	K	H	L	P
 	XXXXX	PCGRRAAGSCSCDRTISSGTQIPQGTLDHIRKYLKAFHRCPFFIRFQLQSKSVCGGSQDQWVRELVDCFERKECGTGHGKSFHHQKHLP	1		_	P	C	G	R	R	A	A	G	S	C	S	C	D	R	T	I	S	S	G	T	Q	I	P	Q	G	T	L	D	H	I	R	K	Y	L	K	A	F	H	R	C	P	F	F	I	R	F	Q	L	Q	S	K	S	V	C	G	G	S	Q	D	Q	W	V	R	E	L	V	D	C	F	E	R	K	E	C	G	T	G	H	G	K	S	F	H	H	Q	K	H	L	P
 	XXXXX	PXXXXXGSCSCDRTISSGTQIPQGTLDHIRKYLKAFHRCPFFIRFQLQSKSVCGGSQDQWVRELVDCFERKECGTGHGKSFHHQKHXP	1		_	_	P	X	X	X	X	X	G	S	C	S	C	D	R	T	I	S	S	G	T	Q	I	P	Q	G	T	L	D	H	I	R	K	Y	L	K	A	F	H	R	C	P	F	F	I	R	F	Q	L	Q	S	K	S	V	C	G	G	S	Q	D	Q	W	V	R	E	L	V	D	C	F	E	R	K	E	C	G	T	G	H	G	K	S	F	H	H	Q	K	H	X	P
 	XXXXX	QAQQWRAGSCSCDRTISSGTQIPQGTLDHIRKYLKAFHRCPFFIRFQLQSKSVCGGSQDQWVRELVDCFERKECGTGHGKSFHHQKHLP	1		_	Q	A	Q	Q	W	R	A	G	S	C	S	C	D	R	T	I	S	S	G	T	Q	I	P	Q	G	T	L	D	H	I	R	K	Y	L	K	A	F	H	R	C	P	F	F	I	R	F	Q	L	Q	S	K	S	V	C	G	G	S	Q	D	Q	W	V	R	E	L	V	D	C	F	E	R	K	E	C	G	T	G	H	G	K	S	F	H	H	Q	K	H	L	P
 	XXXXX	QAVGTWGSCSCDRTISSGTQIPQGTLDHIRKYLKAFHRCPFFIRFQLQSKSVCGGSQDQWVRELVDCFERKECGTGHGKSFHHQKHLP	1		_	_	Q	A	V	G	T	W	G	S	C	S	C	D	R	T	I	S	S	G	T	Q	I	P	Q	G	T	L	D	H	I	R	K	Y	L	K	A	F	H	R	C	P	F	F	I	R	F	Q	L	Q	S	K	S	V	C	G	G	S	Q	D	Q	W	V	R	E	L	V	D	C	F	E	R	K	E	C	G	T	G	H	G	K	S	F	H	H	Q	K	H	L	P
 	XXXXX	QFVVQVAGSCSCDRTISSGTQIPQGTLDHIRKYLKAFHRCPFFIRFQLQSKSVCGGSQDQWVRELVDCFERKECGTGHGKSFHHQKHLP	1		_	Q	F	V	V	Q	V	A	G	S	C	S	C	D	R	T	I	S	S	G	T	Q	I	P	Q	G	T	L	D	H	I	R	K	Y	L	K	A	F	H	R	C	P	F	F	I	R	F	Q	L	Q	S	K	S	V	C	G	G	S	Q	D	Q	W	V	R	E	L	V	D	C	F	E	R	K	E	C	G	T	G	H	G	K	S	F	H	H	Q	K	H	L	P
 	XXXXX	QMYYAVGSCSCDRTISSGTQIPQGTLDHIRKYLKAFHRCPFFIRFQLQSKSVCGGSQDQWVRELVDCFERKECGTGHGKSFHHQKHLP	1		_	_	Q	M	Y	Y	A	V	G	S	C	S	C	D	R	T	I	S	S	G	T	Q	I	P	Q	G	T	L	D	H	I	R	K	Y	L	K	A	F	H	R	C	P	F	F	I	R	F	Q	L	Q	S	K	S	V	C	G	G	S	Q	D	Q	W	V	R	E	L	V	D	C	F	E	R	K	E	C	G	T	G	H	G	K	S	F	H	H	Q	K	H	L	P
 	XXXXX	QRQLFCGSCSCDRTISSGTQIPQGTLDHIRKYLKAFHRCPFFIRFQLQSKSVCGGSQDQWVRELVDCFERKECGTGHGKSFHHQKHLP	1		_	_	Q	R	Q	L	F	C	G	S	C	S	C	D	R	T	I	S	S	G	T	Q	I	P	Q	G	T	L	D	H	I	R	K	Y	L	K	A	F	H	R	C	P	F	F	I	R	F	Q	L	Q	S	K	S	V	C	G	G	S	Q	D	Q	W	V	R	E	L	V	D	C	F	E	R	K	E	C	G	T	G	H	G	K	S	F	H	H	Q	K	H	L	P
 	XXXXX	QRSCACAGSCSCDRTISSGTQIPQGTLDHIRKYLKAFHRCPFFIRFQLQSKSVCGGSQDQWVRELVDCFERKECGTGHGKSFHHQKHLP	1		_	Q	R	S	C	A	C	A	G	S	C	S	C	D	R	T	I	S	S	G	T	Q	I	P	Q	G	T	L	D	H	I	R	K	Y	L	K	A	F	H	R	C	P	F	F	I	R	F	Q	L	Q	S	K	S	V	C	G	G	S	Q	D	Q	W	V	R	E	L	V	D	C	F	E	R	K	E	C	G	T	G	H	G	K	S	F	H	H	Q	K	H	L	P
 	XXXXX	QSMHIMGSCSCDRTISSGTQIPQGTLDHIRKYLKAFHRCPFFIRFQLQSKSVCGGSQDQWVRELVDCFERKECGTGHGKSFHHQKHLP	1		_	_	Q	S	M	H	I	M	G	S	C	S	C	D	R	T	I	S	S	G	T	Q	I	P	Q	G	T	L	D	H	I	R	K	Y	L	K	A	F	H	R	C	P	F	F	I	R	F	Q	L	Q	S	K	S	V	C	G	G	S	Q	D	Q	W	V	R	E	L	V	D	C	F	E	R	K	E	C	G	T	G	H	G	K	S	F	H	H	Q	K	H	L	P
 	XXXXX	RAMRRLAGSCSCDRTISSGTQIPQGTLDHIRKYLKAFHRCPFFIRFQLQSKSVCGGSQDQWVRELVDCFERKECGTGHGKSFHHQKHLP	1		_	R	A	M	R	R	L	A	G	S	C	S	C	D	R	T	I	S	S	G	T	Q	I	P	Q	G	T	L	D	H	I	R	K	Y	L	K	A	F	H	R	C	P	F	F	I	R	F	Q	L	Q	S	K	S	V	C	G	G	S	Q	D	Q	W	V	R	E	L	V	D	C	F	E	R	K	E	C	G	T	G	H	G	K	S	F	H	H	Q	K	H	L	P
 	XXXXX	RDFRWFGSCSCDRTISSGTQIPQGTLDHIRKYLKAFHRCPFFIRFQLQSKSVCGGSQDQWVRELVDCFERKECGTGHGKSFHHQKHLP	1		_	_	R	D	F	R	W	F	G	S	C	S	C	D	R	T	I	S	S	G	T	Q	I	P	Q	G	T	L	D	H	I	R	K	Y	L	K	A	F	H	R	C	P	F	F	I	R	F	Q	L	Q	S	K	S	V	C	G	G	S	Q	D	Q	W	V	R	E	L	V	D	C	F	E	R	K	E	C	G	T	G	H	G	K	S	F	H	H	Q	K	H	L	P
 	XXXXX	RGFCDVGSCSCDRTISSGTQIPQGTLDHIRKYLKAFHRCPFFIRFQLQSKSVCGGSQDQWVRELVDCFERKECGTGHGKSFHHQKHLP	1		_	_	R	G	F	C	D	V	G	S	C	S	C	D	R	T	I	S	S	G	T	Q	I	P	Q	G	T	L	D	H	I	R	K	Y	L	K	A	F	H	R	C	P	F	F	I	R	F	Q	L	Q	S	K	S	V	C	G	G	S	Q	D	Q	W	V	R	E	L	V	D	C	F	E	R	K	E	C	G	T	G	H	G	K	S	F	H	H	Q	K	H	L	P
 	XXXXX	RGSQFTAGSCSCDRTISSGTQIPQGTLDHIRKYLKAFHRCPFFIRFQLQSKSVCGGSQDQWVRELVDCFERKECGTGHGKSFHHQKHLP	1		_	R	G	S	Q	F	T	A	G	S	C	S	C	D	R	T	I	S	S	G	T	Q	I	P	Q	G	T	L	D	H	I	R	K	Y	L	K	A	F	H	R	C	P	F	F	I	R	F	Q	L	Q	S	K	S	V	C	G	G	S	Q	D	Q	W	V	R	E	L	V	D	C	F	E	R	K	E	C	G	T	G	H	G	K	S	F	H	H	Q	K	H	L	P
 	XXXXX	RGTGGQAGSCSCDRTISSGTQIPQGTLDHIRKYLKAFHRCPFFIRFQLQSKSVCGGSQDQWVRELVDCFERKECGTGHGKSFHHQKHLP	1		_	R	G	T	G	G	Q	A	G	S	C	S	C	D	R	T	I	S	S	G	T	Q	I	P	Q	G	T	L	D	H	I	R	K	Y	L	K	A	F	H	R	C	P	F	F	I	R	F	Q	L	Q	S	K	S	V	C	G	G	S	Q	D	Q	W	V	R	E	L	V	D	C	F	E	R	K	E	C	G	T	G	H	G	K	S	F	H	H	Q	K	H	L	P
 	XXXXX	RGWWGIAGSCSCDRTISSGTQIPQGTLDHIRKYLKAFHRCPFFIRFQLQSKSVCGGSQDQWVRELVDCFERKECGTGHGKSFHHQKHLP	1		_	R	G	W	W	G	I	A	G	S	C	S	C	D	R	T	I	S	S	G	T	Q	I	P	Q	G	T	L	D	H	I	R	K	Y	L	K	A	F	H	R	C	P	F	F	I	R	F	Q	L	Q	S	K	S	V	C	G	G	S	Q	D	Q	W	V	R	E	L	V	D	C	F	E	R	K	E	C	G	T	G	H	G	K	S	F	H	H	Q	K	H	L	P
 	XXXXX	RQLVRMAGSCSCDRTISSGTQIPQGTLDHIRKYLKAFHRCPFFIRFQLQSKSVCGGSQDQWVRELVDCFERKECGTGHGKSFHHQKHLP	1		_	R	Q	L	V	R	M	A	G	S	C	S	C	D	R	T	I	S	S	G	T	Q	I	P	Q	G	T	L	D	H	I	R	K	Y	L	K	A	F	H	R	C	P	F	F	I	R	F	Q	L	Q	S	K	S	V	C	G	G	S	Q	D	Q	W	V	R	E	L	V	D	C	F	E	R	K	E	C	G	T	G	H	G	K	S	F	H	H	Q	K	H	L	P
 	XXXXX	RSMQIVGSCSCDRTISSGTQIPQGTLDHIRKYLKAFHRCPFFIRFQLQSKSVCGGSQDQWVRELVDCFERKECGTGHGKSFHHQKHLP	1		_	_	R	S	M	Q	I	V	G	S	C	S	C	D	R	T	I	S	S	G	T	Q	I	P	Q	G	T	L	D	H	I	R	K	Y	L	K	A	F	H	R	C	P	F	F	I	R	F	Q	L	Q	S	K	S	V	C	G	G	S	Q	D	Q	W	V	R	E	L	V	D	C	F	E	R	K	E	C	G	T	G	H	G	K	S	F	H	H	Q	K	H	L	P
 	XXXXX	RVKAWSGSCSCDRTISSGTQIPQGTLDHIRKYLKAFHRCPFFIRFQLQSKSVCGGSQDQWVRELVDCFERKECGTGHGKSFHHQKHLP	1		_	_	R	V	K	A	W	S	G	S	C	S	C	D	R	T	I	S	S	G	T	Q	I	P	Q	G	T	L	D	H	I	R	K	Y	L	K	A	F	H	R	C	P	F	F	I	R	F	Q	L	Q	S	K	S	V	C	G	G	S	Q	D	Q	W	V	R	E	L	V	D	C	F	E	R	K	E	C	G	T	G	H	G	K	S	F	H	H	Q	K	H	L	P
 	XXXXX	RWVIIGGSCSCDRTISSGTQIPQGTLDHIRKYLKAFHRCPFFIRFQLQSKSVCGGSQDQWVRELVDCFERKECGTGHGKSFHHQKHLP	1		_	_	R	W	V	I	I	G	G	S	C	S	C	D	R	T	I	S	S	G	T	Q	I	P	Q	G	T	L	D	H	I	R	K	Y	L	K	A	F	H	R	C	P	F	F	I	R	F	Q	L	Q	S	K	S	V	C	G	G	S	Q	D	Q	W	V	R	E	L	V	D	C	F	E	R	K	E	C	G	T	G	H	G	K	S	F	H	H	Q	K	H	L	P
 	XXXXX	RWVQLCAGSCSCDRTISSGTQIPQGTLDHIRKYLKAFHRCPFFIRFQLQSKSVCGGSQDQWVRELVDCFERKECGTGHGKSFHHQKHLP	1		_	R	W	V	Q	L	C	A	G	S	C	S	C	D	R	T	I	S	S	G	T	Q	I	P	Q	G	T	L	D	H	I	R	K	Y	L	K	A	F	H	R	C	P	F	F	I	R	F	Q	L	Q	S	K	S	V	C	G	G	S	Q	D	Q	W	V	R	E	L	V	D	C	F	E	R	K	E	C	G	T	G	H	G	K	S	F	H	H	Q	K	H	L	P
 	XXXXX	SFVCVKGSCSCDRTISSGTQIPQGTLDHIRKYLKAFHRCPFFIRFQLQSKSVCGGSQDQWVRELVDCFERKECGTGHGKSFHHQKHLP	1		_	_	S	F	V	C	V	K	G	S	C	S	C	D	R	T	I	S	S	G	T	Q	I	P	Q	G	T	L	D	H	I	R	K	Y	L	K	A	F	H	R	C	P	F	F	I	R	F	Q	L	Q	S	K	S	V	C	G	G	S	Q	D	Q	W	V	R	E	L	V	D	C	F	E	R	K	E	C	G	T	G	H	G	K	S	F	H	H	Q	K	H	L	P
 	XXXXX	SFVRSTAGSCSCDRTISSGTQIPQGTLDHIRKYLKAFHRCPFFIRFQLQSKSVCGGSQDQWVRELVDCFERKECGTGHGKSFHHQKHLP	1		_	S	F	V	R	S	T	A	G	S	C	S	C	D	R	T	I	S	S	G	T	Q	I	P	Q	G	T	L	D	H	I	R	K	Y	L	K	A	F	H	R	C	P	F	F	I	R	F	Q	L	Q	S	K	S	V	C	G	G	S	Q	D	Q	W	V	R	E	L	V	D	C	F	E	R	K	E	C	G	T	G	H	G	K	S	F	H	H	Q	K	H	L	P
 	XXXXX	SVCWHVAGSCSCDRTISSGTQIPQGTLDHIRKYLKAFHRCPFFIRFQLQSKSVCGGSQDQWVRELVDCFERKECGTGHGKSFHHQKHLP	1		_	S	V	C	W	H	V	A	G	S	C	S	C	D	R	T	I	S	S	G	T	Q	I	P	Q	G	T	L	D	H	I	R	K	Y	L	K	A	F	H	R	C	P	F	F	I	R	F	Q	L	Q	S	K	S	V	C	G	G	S	Q	D	Q	W	V	R	E	L	V	D	C	F	E	R	K	E	C	G	T	G	H	G	K	S	F	H	H	Q	K	H	L	P
 	XXXXX	TCLEFLGSCSCDRTISSGTQIPQGTLDHIRKYLKAFHRCPFFIRFQLQSKSVCGGSQDQWVRELVDCFERKECGTGHGKSFHHQKHLP	1		_	_	T	C	L	E	F	L	G	S	C	S	C	D	R	T	I	S	S	G	T	Q	I	P	Q	G	T	L	D	H	I	R	K	Y	L	K	A	F	H	R	C	P	F	F	I	R	F	Q	L	Q	S	K	S	V	C	G	G	S	Q	D	Q	W	V	R	E	L	V	D	C	F	E	R	K	E	C	G	T	G	H	G	K	S	F	H	H	Q	K	H	L	P
 	XXXXX	VAYMNYGSCSCDRTISSGTQIPQGTLDHIRKYLKAFHRCPFFIRFQLQSKSVCGGSQDQWVRELVDCFERKECGTGHGKSFHHQKHLP	1		_	_	V	A	Y	M	N	Y	G	S	C	S	C	D	R	T	I	S	S	G	T	Q	I	P	Q	G	T	L	D	H	I	R	K	Y	L	K	A	F	H	R	C	P	F	F	I	R	F	Q	L	Q	S	K	S	V	C	G	G	S	Q	D	Q	W	V	R	E	L	V	D	C	F	E	R	K	E	C	G	T	G	H	G	K	S	F	H	H	Q	K	H	L	P
 	XXXXX	VEFLCLGSCSCDRTISSGTQIPQGTLDHIRKYLKAFHRCPFFIRFQLQSKSVCGGSQDQWVRELVDCFERKECGTGHGKSFHHQKHLP	1		_	_	V	E	F	L	C	L	G	S	C	S	C	D	R	T	I	S	S	G	T	Q	I	P	Q	G	T	L	D	H	I	R	K	Y	L	K	A	F	H	R	C	P	F	F	I	R	F	Q	L	Q	S	K	S	V	C	G	G	S	Q	D	Q	W	V	R	E	L	V	D	C	F	E	R	K	E	C	G	T	G	H	G	K	S	F	H	H	Q	K	H	L	P
 	XXXXX	VGLFLRGSCSCDRTISSGTQIPQGTLDHIRKYLKAFHRCPFFIRFQLQSKSVCGGSQDQWVRELVDCFERKECGTGHGKSFHHQKHLP	1		_	_	V	G	L	F	L	R	G	S	C	S	C	D	R	T	I	S	S	G	T	Q	I	P	Q	G	T	L	D	H	I	R	K	Y	L	K	A	F	H	R	C	P	F	F	I	R	F	Q	L	Q	S	K	S	V	C	G	G	S	Q	D	Q	W	V	R	E	L	V	D	C	F	E	R	K	E	C	G	T	G	H	G	K	S	F	H	H	Q	K	H	L	P
 	XXXXX	VQSQRLAGSCSCDRTISSGTQIPQGTLDHIRKYLKAFHRCPFFIRFQLQSKSVCGGSQDQWVRELVDCFERKECGTGHGKSFHHQKHLP	1		_	V	Q	S	Q	R	L	A	G	S	C	S	C	D	R	T	I	S	S	G	T	Q	I	P	Q	G	T	L	D	H	I	R	K	Y	L	K	A	F	H	R	C	P	F	F	I	R	F	Q	L	Q	S	K	S	V	C	G	G	S	Q	D	Q	W	V	R	E	L	V	D	C	F	E	R	K	E	C	G	T	G	H	G	K	S	F	H	H	Q	K	H	L	P
 	XXXXX	VRSVLGGSCSCDRTISSGTQIPQGTLDHIRKYLKAFHRCPFFIRFQLQSKSVCGGSQDQWVRELVDCFERKECGTGHGKSFHHQKHLP	1		_	_	V	R	S	V	L	G	G	S	C	S	C	D	R	T	I	S	S	G	T	Q	I	P	Q	G	T	L	D	H	I	R	K	Y	L	K	A	F	H	R	C	P	F	F	I	R	F	Q	L	Q	S	K	S	V	C	G	G	S	Q	D	Q	W	V	R	E	L	V	D	C	F	E	R	K	E	C	G	T	G	H	G	K	S	F	H	H	Q	K	H	L	P
 	XXXXX	VSQWVRAGSCSCDRTISSGTQIPQGTLDHIRKYLKAFHRCPFFIRFQLQSKSVCGGSQDQWVRELVDCFERKECGTGHGKSFHHQKHLP	1		_	V	S	Q	W	V	R	A	G	S	C	S	C	D	R	T	I	S	S	G	T	Q	I	P	Q	G	T	L	D	H	I	R	K	Y	L	K	A	F	H	R	C	P	F	F	I	R	F	Q	L	Q	S	K	S	V	C	G	G	S	Q	D	Q	W	V	R	E	L	V	D	C	F	E	R	K	E	C	G	T	G	H	G	K	S	F	H	H	Q	K	H	L	P
 	XXXXX	VSWDLDGSCSCDRTISSGTQIPQGTLDHIRKYLKAFHRCPFFIRFQLQSKSVCGGSQDQWVRELVDCFERKECGTGHGKSFHHQKHLP	1		_	_	V	S	W	D	L	D	G	S	C	S	C	D	R	T	I	S	S	G	T	Q	I	P	Q	G	T	L	D	H	I	R	K	Y	L	K	A	F	H	R	C	P	F	F	I	R	F	Q	L	Q	S	K	S	V	C	G	G	S	Q	D	Q	W	V	R	E	L	V	D	C	F	E	R	K	E	C	G	T	G	H	G	K	S	F	H	H	Q	K	H	L	P
 	XXXXX	VVSVMAGSCSCDRTISSGTQIPQGTLDHIRKYLKAFHRCPFFIRFQLQSKSVCGGSQDQWVRELVDCFERKECGTGHGKSFLHQKHLP	1		_	_	V	V	S	V	M	A	G	S	C	S	C	D	R	T	I	S	S	G	T	Q	I	P	Q	G	T	L	D	H	I	R	K	Y	L	K	A	F	H	R	C	P	F	F	I	R	F	Q	L	Q	S	K	S	V	C	G	G	S	Q	D	Q	W	V	R	E	L	V	D	C	F	E	R	K	E	C	G	T	G	H	G	K	S	F	L	H	Q	K	H	L	P
 	XXXXX	WAPPTEAGSCSCDRTISSGTQIPQGTLDHIRKYLKAFHRCPFFIRFQLQSKSVCGGSQDQWVRELVDCFERKECGTGHGKSFHHQKHLP	1		_	W	A	P	P	T	E	A	G	S	C	S	C	D	R	T	I	S	S	G	T	Q	I	P	Q	G	T	L	D	H	I	R	K	Y	L	K	A	F	H	R	C	P	F	F	I	R	F	Q	L	Q	S	K	S	V	C	G	G	S	Q	D	Q	W	V	R	E	L	V	D	C	F	E	R	K	E	C	G	T	G	H	G	K	S	F	H	H	Q	K	H	L	P
 	XXXXX	WAVHRFGSCSCDRTISSGTQIPQGTLDHIRKYLKAFHRCPFFIRFQLQSKSVCGGSQDQWVRELVDCFERKECGTGHGKSFHHQKHLP	1		_	_	W	A	V	H	R	F	G	S	C	S	C	D	R	T	I	S	S	G	T	Q	I	P	Q	G	T	L	D	H	I	R	K	Y	L	K	A	F	H	R	C	P	F	F	I	R	F	Q	L	Q	S	K	S	V	C	G	G	S	Q	D	Q	W	V	R	E	L	V	D	C	F	E	R	K	E	C	G	T	G	H	G	K	S	F	H	H	Q	K	H	L	P
 	XXXXX	WVLPSAAGSCSCDRTISSGTQIPQGTLDHIRKYLKAFHRCPFFIRFQLQSKSVCGGSQDQWVRELVDCFERKECGTGHGKSFHHQKHLP	1		_	W	V	L	P	S	A	A	G	S	C	S	C	D	R	T	I	S	S	G	T	Q	I	P	Q	G	T	L	D	H	I	R	K	Y	L	K	A	F	H	R	C	P	F	F	I	R	F	Q	L	Q	S	K	S	V	C	G	G	S	Q	D	Q	W	V	R	E	L	V	D	C	F	E	R	K	E	C	G	T	G	H	G	K	S	F	H	H	Q	K	H	L	P
 	XXXXX	WWXXLXGSCSCDRTISSGTQIPQGTLDHIRKYLKAFHRCPFFIRFQLQSKSVCGGSQDQWVRELVDCFERKECGTGHGKSFHHQKHLP	1		_	_	W	W	X	X	L	X	G	S	C	S	C	D	R	T	I	S	S	G	T	Q	I	P	Q	G	T	L	D	H	I	R	K	Y	L	K	A	F	H	R	C	P	F	F	I	R	F	Q	L	Q	S	K	S	V	C	G	G	S	Q	D	Q	W	V	R	E	L	V	D	C	F	E	R	K	E	C	G	T	G	H	G	K	S	F	H	H	Q	K	H	L	P
 	XXXXX	XNXXXXGSCSCDRTISSGTQIPQGTLDHIRKYLKAFHRCPFFIRFQLQSKSVCGGSQDQWVRELVDCFERKECGTGHGKSFHHQKHLP	1		_	_	X	N	X	X	X	X	G	S	C	S	C	D	R	T	I	S	S	G	T	Q	I	P	Q	G	T	L	D	H	I	R	K	Y	L	K	A	F	H	R	C	P	F	F	I	R	F	Q	L	Q	S	K	S	V	C	G	G	S	Q	D	Q	W	V	R	E	L	V	D	C	F	E	R	K	E	C	G	T	G	H	G	K	S	F	H	H	Q	K	H	L	P
 	XXXXX	XVXXXXGSCSCDRTISSGTQIPQGTLDHIRKYLKAFHRCPFFIRFQLQSKSVCGGSQDQWVRELVDCFERKECGTGHGKSFHHQKHLP	1		_	_	X	V	X	X	X	X	G	S	C	S	C	D	R	T	I	S	S	G	T	Q	I	P	Q	G	T	L	D	H	I	R	K	Y	L	K	A	F	H	R	C	P	F	F	I	R	F	Q	L	Q	S	K	S	V	C	G	G	S	Q	D	Q	W	V	R	E	L	V	D	C	F	E	R	K	E	C	G	T	G	H	G	K	S	F	H	H	Q	K	H	L	P
 	XXXXX	XWDARXAGSCSCDRTISSGTQIPQGTLDHIRKYLKAFHRCPFFIRFQLQSKSVCGGSQDQWVRELVDCFERKECGTGHGKSFHHQKHLP	1		_	X	W	D	A	R	X	A	G	S	C	S	C	D	R	T	I	S	S	G	T	Q	I	P	Q	G	T	L	D	H	I	R	K	Y	L	K	A	F	H	R	C	P	F	F	I	R	F	Q	L	Q	S	K	S	V	C	G	G	S	Q	D	Q	W	V	R	E	L	V	D	C	F	E	R	K	E	C	G	T	G	H	G	K	S	F	H	H	Q	K	H	L	P
 	XXXXX	XXMXDXGSCSCDRTISSGTQIPQGTLDHIRKYLKAFHRCPFFIRFQLQSKSVCGGSQDQWVRELVDCFERKECGTGHGKSFHHQKHLP	1		_	_	X	X	M	X	D	X	G	S	C	S	C	D	R	T	I	S	S	G	T	Q	I	P	Q	G	T	L	D	H	I	R	K	Y	L	K	A	F	H	R	C	P	F	F	I	R	F	Q	L	Q	S	K	S	V	C	G	G	S	Q	D	Q	W	V	R	E	L	V	D	C	F	E	R	K	E	C	G	T	G	H	G	K	S	F	H	H	Q	K	H	L	P
 	XXXXX	XXWNXXGSCSCDRTISSGTQIPQGTLDHIRKYLKAFHRCPFFIRFQLQSKSVCGGSQDQWVRELVDCFERKECGTGHGKSFHHQKHLP	1		_	_	X	X	W	N	X	X	G	S	C	S	C	D	R	T	I	S	S	G	T	Q	I	P	Q	G	T	L	D	H	I	R	K	Y	L	K	A	F	H	R	C	P	F	F	I	R	F	Q	L	Q	S	K	S	V	C	G	G	S	Q	D	Q	W	V	R	E	L	V	D	C	F	E	R	K	E	C	G	T	G	H	G	K	S	F	H	H	Q	K	H	L	P
 	XXXXX	XXWXXTAGSCSCDRTISSGTQIPQGTLDHIRKYLKAFHRCPFFIRFQLQSKSVCGGSQDQWVRELVDCFERKECGTGHGKSFHHQKHLP	1		_	X	X	W	X	X	T	A	G	S	C	S	C	D	R	T	I	S	S	G	T	Q	I	P	Q	G	T	L	D	H	I	R	K	Y	L	K	A	F	H	R	C	P	F	F	I	R	F	Q	L	Q	S	K	S	V	C	G	G	S	Q	D	Q	W	V	R	E	L	V	D	C	F	E	R	K	E	C	G	T	G	H	G	K	S	F	H	H	Q	K	H	L	P
 	XXXXX	XXXLQXGSCSCDRTISSGTQIPQGTLDHIRKYLKAFHRCPFFIRFQLQSKSVCGGSQDQWVRELVDCFERKECGTGHGKSFHHQKHLP	1		_	_	X	X	X	L	Q	X	G	S	C	S	C	D	R	T	I	S	S	G	T	Q	I	P	Q	G	T	L	D	H	I	R	K	Y	L	K	A	F	H	R	C	P	F	F	I	R	F	Q	L	Q	S	K	S	V	C	G	G	S	Q	D	Q	W	V	R	E	L	V	D	C	F	E	R	K	E	C	G	T	G	H	G	K	S	F	H	H	Q	K	H	L	P
 	XXXXX	XXXLXYAGSCSCDRTISSGTQIPQGTLDHIRKYLKAFHRCPFFIRFQLQSKSVCGGSQDQWVRELVDCFERKECGTGHGKSFHHQKHLP	1		_	X	X	X	L	X	Y	A	G	S	C	S	C	D	R	T	I	S	S	G	T	Q	I	P	Q	G	T	L	D	H	I	R	K	Y	L	K	A	F	H	R	C	P	F	F	I	R	F	Q	L	Q	S	K	S	V	C	G	G	S	Q	D	Q	W	V	R	E	L	V	D	C	F	E	R	K	E	C	G	T	G	H	G	K	S	F	H	H	Q	K	H	L	P
 	XXXXX	XXXVVDGSCSCDRTISSGTQIPQGTLDHIRKYLKAFHRCPFFIRFQLQSKSVCGGSQDQWVRELVDCFERKECGTGHGKSFHHQKHLP	1		_	_	X	X	X	V	V	D	G	S	C	S	C	D	R	T	I	S	S	G	T	Q	I	P	Q	G	T	L	D	H	I	R	K	Y	L	K	A	F	H	R	C	P	F	F	I	R	F	Q	L	Q	S	K	S	V	C	G	G	S	Q	D	Q	W	V	R	E	L	V	D	C	F	E	R	K	E	C	G	T	G	H	G	K	S	F	H	H	Q	K	H	L	P
 	XXXXX	XXXXGXAGSCSCDRTISSGTQIPQGTLDHIRKYLKAFHRCPFFIRFQLQSKSVCGGSQDQWVRELVDCFERKECGTGHGKSFHHQKHLP	1		_	X	X	X	X	G	X	A	G	S	C	S	C	D	R	T	I	S	S	G	T	Q	I	P	Q	G	T	L	D	H	I	R	K	Y	L	K	A	F	H	R	C	P	F	F	I	R	F	Q	L	Q	S	K	S	V	C	G	G	S	Q	D	Q	W	V	R	E	L	V	D	C	F	E	R	K	E	C	G	T	G	H	G	K	S	F	H	H	Q	K	H	L	P
 	XXXXX	XXXXVXAGSCSCDRTISSGTQIPQGTLDHIRKYLKAFHRCPFFIRFQLQSKSVCGGSQDQWVRELVDCFERKECGTGHGKSFHHQKHLP	1		_	X	X	X	X	V	X	A	G	S	C	S	C	D	R	T	I	S	S	G	T	Q	I	P	Q	G	T	L	D	H	I	R	K	Y	L	K	A	F	H	R	C	P	F	F	I	R	F	Q	L	Q	S	K	S	V	C	G	G	S	Q	D	Q	W	V	R	E	L	V	D	C	F	E	R	K	E	C	G	T	G	H	G	K	S	F	H	H	Q	K	H	L	P
 	XXXXX	XXXXXXAGSCSCDRTISSGTQIPQGTLDHIRKYLKAFHRCPFFIRFQLQSKSVCGGSQDQWVRELVDCFERKECGTGHGKSFHHQKHLP	1		_	X	X	X	X	X	X	A	G	S	C	S	C	D	R	T	I	S	S	G	T	Q	I	P	Q	G	T	L	D	H	I	R	K	Y	L	K	A	F	H	R	C	P	F	F	I	R	F	Q	L	Q	S	K	S	V	C	G	G	S	Q	D	Q	W	V	R	E	L	V	D	C	F	E	R	K	E	C	G	T	G	H	G	K	S	F	H	H	Q	K	H	L	P
 	XXXXX	XXXXXXAGSCSCDXTISSGTQIPQGTLDHIRKYLKAFHRCPFFIRFQLQSKSVCGGSQDQWVRELVDCFERKECGTGHGKSFHHQKHLP	1		_	X	X	X	X	X	X	A	G	S	C	S	C	D	X	T	I	S	S	G	T	Q	I	P	Q	G	T	L	D	H	I	R	K	Y	L	K	A	F	H	R	C	P	F	F	I	R	F	Q	L	Q	S	K	S	V	C	G	G	S	Q	D	Q	W	V	R	E	L	V	D	C	F	E	R	K	E	C	G	T	G	H	G	K	S	F	H	H	Q	K	H	L	P
 	XXXXX	XXXXXXGSCSCDRTISSGTQIPQGTLDHIRKYLKAFHRCPFFIRFQLQSKSVCGGSQDQWVRELVDCFERKECGTGHGKSFHHQKHLP	2		_	_	X	X	X	X	X	X	G	S	C	S	C	D	R	T	I	S	S	G	T	Q	I	P	Q	G	T	L	D	H	I	R	K	Y	L	K	A	F	H	R	C	P	F	F	I	R	F	Q	L	Q	S	K	S	V	C	G	G	S	Q	D	Q	W	V	R	E	L	V	D	C	F	E	R	K	E	C	G	T	G	H	G	K	S	F	H	H	Q	K	H	L	P
 	XXXXX	YFFVFIAGSCSCDRTISSGTQIPQGTLDHIRKYLKAFHRCPFFIRFQLQSKSVCGGSQDQWVRELVDCFERKECGTGHGKSFHHQKHLP	1		_	Y	F	F	V	F	I	A	G	S	C	S	C	D	R	T	I	S	S	G	T	Q	I	P	Q	G	T	L	D	H	I	R	K	Y	L	K	A	F	H	R	C	P	F	F	I	R	F	Q	L	Q	S	K	S	V	C	G	G	S	Q	D	Q	W	V	R	E	L	V	D	C	F	E	R	K	E	C	G	T	G	H	G	K	S	F	H	H	Q	K	H	L	P
 	XXXXX	YLCVMMGSCSCDRTISSGTQIPQGTLDHIRKYLKAFHRCPFFIRFQLQSKSVCGGSQDQWVRELVDCFERKECGTGHGKSFHHQKHLP	1		_	_	Y	L	C	V	M	M	G	S	C	S	C	D	R	T	I	S	S	G	T	Q	I	P	Q	G	T	L	D	H	I	R	K	Y	L	K	A	F	H	R	C	P	F	F	I	R	F	Q	L	Q	S	K	S	V	C	G	G	S	Q	D	Q	W	V	R	E	L	V	D	C	F	E	R	K	E	C	G	T	G	H	G	K	S	F	H	H	Q	K	H	L	P
XXXXX	XXXXX	NQGSVAGSCSCDRTISSGTQIPQGTLDHIRKYLKAFHRCPFFIRFQLQSKSVCGGSQDQWVRELVDCFERKECGTGHGKSFHHQKHLP	1000		00|_	00|_	00|N	00|Q	00|G	00|S	00|V	00|A	00|G	00|S	00|C	00|S	00|C	00|D	00|R	00|T	00|I	00|S	00|S	00|G	00|T	00|Q	00|I	00|P	00|Q	00|G	00|T	00|L	00|D	00|H	00|I	00|R	00|K	00|Y	00|L	00|K	00|A	00|F	00|H	00|R	00|C	00|P	00|F	00|F	00|I	00|R	00|F	00|Q	00|L	00|Q	00|S	00|K	00|S	00|V	00|C	00|G	00|G	00|S	00|Q	00|D	00|Q	00|W	00|V	00|R	00|E	00|L	00|V	00|D	00|C	00|F	00|E	00|R	00|K	00|E	00|C	00|G	00|T	00|G	00|H	00|G	00|K	00|S	00|F	00|H	00|H	00|Q	00|K	00|H	00|L	00|P
XXXXX	XXXXX	NQGSVAGSCSCDRTISSGTQIPQGTLDHIRKYLKAFHRCPFFIRFQLQSKSVCGGSQDQWVRELVDCFERKECGTGHGKSFHHQKHLP	1000		99|_	99|_	99|N	99|Q	99|G	99|S	99|V	99|A	99|G	99|S	99|C	99|S	99|C	99|D	99|R	99|T	99|I	99|S	99|S	99|G	99|T	99|Q	99|I	99|P	99|Q	99|G	99|T	99|L	99|D	99|H	99|I	99|R	99|K	99|Y	99|L	99|K	99|A	99|F	99|H	99|R	99|C	99|P	99|F	99|F	99|I	99|R	99|F	99|Q	99|L	99|Q	99|S	99|K	99|S	99|V	99|C	99|G	99|G	99|S	99|Q	99|D	99|Q	99|W	99|V	99|R	99|E	99|L	99|V	99|D	99|C	99|F	99|E	99|R	99|K	99|E	99|C	99|G	99|T	99|G	99|H	99|G	99|K	99|S	99|F	99|H	99|H	99|Q	99|K	99|H	99|L	99|P
